prefixed_root,prefixes,unprefixed_root,hom
akzilakzIkf,akzilakzI,kf,1
agocarIkf,agocarI,kf,1
agraRIkf,agraRI,kf,1
aNgArasAtkf,aNgArasAt,kf,1
atiTIkf,atiTI,kf,1
atiTIBU,atiTI,BU,1
atinizwan,ati-nis,tan,1
atinI,ati,nI,2
atiparI,ati-pari,i,5
atipA,ati,pA,1
atipU,ati,pU,1
atipF,ati,pF,
atipravA,ati-pra,vA,2
atipraSru,ati-pra,Sru,1
atiprasad,ati-pra,sad,2
atiprahA,ati-pra,hA,2
atiBU,ati,BU,1
atiBf,ati,Bf,1
ativA,ati,vA,2
ativiDA,ati-vi,DA,1
atiSi,ati,Si,1
atizkand,ati,skand,
atizwu,ati,stu,1
atizWA,ati,sTA,1
atihve,ati,hve,
atI,ati,i,5
atyAyat,ati-A,yat,2
atyudDA,ati-ud,hA,2
aDikf,aDi,kf,1
aDikf,aDi,kf,1
aDigam,aDi,gam,1
aDigA,aDi,gA,1
aDidiS,aDi,diS,1
aDiDA,aDi,DA,1
aDiDf,aDi,Df,
aDinam,aDi,nam,
aDinizad,aDi-ni,sad,2
aDiyat,aDi,yat,2
aDiyam,aDi,yam,
aDiruh,aDi,ruh,1
aDiluW,aDi,luW,1
aDivap,aDi,vap,2
aDivas,aDi,vas,4
aDivikram,aDi-vi,kram,
aDivid,aDi,vid,3
aDivfj,aDi,vfj,1
aDivfD,aDi,vfD,
aDizu,aDi,su,1
aDizkand,aDi,skand,
aDizWA,aDi,sTA,1
aDizvan,aDi,svan,1
aDI,aDi,i,5
aDIz,aDi,iz,1
aDyavaso,aDi-ava,so,1
aDyAs,aDi,As,2
aDyutTA,aDi-ud,sTA,1
aDyudDf,aDi-ud,hf,1
aDyupekz,aDi-upa-A,Ikz,
anukamp,anu,kamp,
anukfp,anu,kfp,2
anukrand,anu,krand,
anugam,anu,gam,1
anucakz,anu,cakz,
anuci,anu,ci,2
anucCid,anu,Cid,
anucCo,anu,Co,
anujan,anu,jan,
anujalp,anu,jalp,
anuDanv,anu,Danv,
anuDI,anu,DI,1
anuDvaMs,anu,DvaMs,
anunad,anu,nad,
anunam,anu,nam,
anuparI,anu-pari,i,5
anupare,anu-parA,i,5
anuparye,anu-pari-A,i,5
anupaS,anu,paS,3
anupA,anu,pA,1
anupU,anu,pU,1
anupratizWA,anu-prati,sTA,1
anupraT,anu,praT,1
anuprapA,anu-pra,pA,1
anuprAp,anu-prA,Ap,1
anuprAs,anu-prA,as,1
anupre,anu-prA,i,5
anuprekz,anu-pra,Ikz,
anuprez,anu-prA,iz,1
anuproh,anu-prA,Uh,1
anubrU,anu,brU,
anuman,anu,man,
anuyat,anu,yat,2
anuyam,anu,yam,
anuraYj,anu,raYj,
anuram,anu,ram,
anuriz,anu,riz,1
anurI,anu,rI,1
anuruc,anu,ruc,1
anuruD,anu,ruD,1
anuruh,anu,ruh,1
anulip,anu,lip,
anuvad,anu,vad,
anuvap,anu,vap,2
anuvA,anu,vA,2
anuvikram,anu-vi,kram,
anuvid,anu,vid,1
anuvid,anu,vid,3
anuvinad,anu-vi,nad,
anuvilok,anu-vi,lok,
anuvivft,anu-vi,vft,1
anuvizic,anu-vi,sic,1
anuvizWA,anu-vi,sTA,1
anuvizyand,anu-vi,syand,
anuvI,anu-vi,i,5
anuvIkz,anu-vi,Ikz,
anuvf,anu,vf,1
anuvft,anu,vft,1
anuvezw,anu,vezw,
anuvyaD,anu,vyaD,
anuvyavagA,anu-vi-ava,gA,1
anuvyave,anu-vi-ava-A,i,5
anuSak,anu,Sak,
anuSI,anu,SI,1
anuSuc,anu,Suc,1
anuSraT,anu,SraT,
anuSru,anu,Sru,1
anuzac,anu,sac,1
anuzaYj,anu,saYj,1
anuzic,anu,sic,1
anuziD,anu,siD,1
anuzwu,anu,stu,1
anuzwuB,anu,stuB,1
anuzWA,anu,sTA,1
anuzyand,anu,syand,
anusaMKyA,anu-sam,KyA,
anusaMcar,anu-sam,car,
anusaMraB,anu-sam,raB,
anusaMsf,anu-sam,sf,
anusaMsTA,anu-sam,sTA,1
anusamAp,anu-sam,Ap,1
anusamAraB,anu-sam-A,raB,
anusami,anu-sam,i,5
anusamprAp,anu-sam-prA,Ap,1
anusf,anu,sf,
anusfj,anu,sfj,1
anusmf,anu,smf,2
anuhA,anu,hA,2
anuhf,anu,hf,1
anUkz,anu,ukz,1
anUjji,anu-ud,ji,1
anUd,anu,ud,2
anUde,anu-ud-A,i,5
anUdDA,anu-ud,hA,2
anUdDf,anu-ud,hf,1
anUnnI,anu-ud,nI,2
anUpaDA,anu-upa,DA,1
anUpasTA,anu-upa,sTA,1
antarADA,antar-A,DA,1
antarIkf,antarI,kf,1
antarupAtI,antar-upa-ati,i,5
antarDA,antar,DA,1
anvat,anu,at,2
anvatI,anu-ati,i,5
anvaBizic,anu-aBi,sic,1
anvavArj,anu-ava-A,arj,
anvavAs,anu-ava-A,as,1
anvave,anu-ava-A,i,5
anvavekz,anu-ava-A,Ikz,
anvAkram,anu-A,kram,
anvAdA,anu-A,dA,1
anvADA,anu-A,DA,1
anvABaj,anu-A,Baj,
anvAhiRq,anu-A,hiRq,
anviz,anu,iz,3
anvf,anu,f,4
anvfD,anu,fD,
anve,anu-A,i,5
apakft,apa,kft,2
apakfz,apa,kfz,1
apakF,apa,kF,1
apaguh,apa,guh,1
apacit,apa,cit,4
apacCad,apa,Cad,1
apacCid,apa,Cid,
apacyu,apa,cyu,1
apanilI,apa-ni,lI,1
apapare,apa-parA,i,5
apapruT,apa,pruT,
apapre,apa-prA,i,5
apabAD,apa,bAD,
apaBaj,apa,Baj,
apamfj,apa,mfj,1
apame,apa,me,1
apayuj,apa,yuj,1
apalap,apa,lap,1
apavad,apa,vad,
apavic,apa,vic,
apavf,apa,vf,1
apavfj,apa,vfj,1
apavft,apa,vft,1
apavye,apa,vye,
apaSvas,apa,Svas,1
apasac,apa,sac,1
apaspf,apa,spf,1
apahA,apa,hA,2
apahA,apa,hA,3
apahnu,apa,hnu,
apAdA,apa-A,dA,1
apAr,apa,f,4
apArC,apa,fC,
apAvft,apa-A,vft,1
apASri,apa-A,Sri,1
apAhf,apa-A,hf,1
apiGas,api,Gas,
apibanD,api,banD,
apimfz,api,mfz,1
apivf,api,vf,1
apivye,api,vye,
apiSF,api,SF,
apizWA,api,sTA,1
apisfj,api,sfj,1
apihve,api,hve,
ape,apa-A,i,5
apocCad,apa-ud,Cad,1
apotkfz,apa-ud,kfz,1
apodi,apa-ud,i,5
aporRu,apa-A,UrRu,
apoh,apa-A,Uh,1
apyas,api,as,2
aBikxp,aBi,kxp,
aBikzip,aBi,kzip,1
aBigAh,aBi,gAh,
aBicCad,aBi,Cad,1
aBijan,aBi,jan,
aBitan,aBi,tan,1
aBitF,aBi,tF,
aBiduh,aBi,duh,1
aBiDanv,aBi,Danv,
aBiDA,aBi,DA,1
aBiDI,aBi,DI,1
aBinakz,aBi,nakz,
aBinard,aBi,nard,
aBiniDA,aBi-ni,DA,1
aBinirmi,aBi-nis,mi,1
aBinizad,aBi-ni,sad,2
aBinI,aBi-ni,i,5
aBinu,aBi,nu,3
aBinu,aBi,nu,4
aBiparizvaYj,aBi-pari,svaYj,
aBiparihf,aBi-pari,hf,1
aBipare,aBi-parA,i,5
aBiparyAvft,aBi-pari-A,vft,1
aBiparye,aBi-pari-A,i,5
aBipale,aBi-parA,i,5
aBipA,aBi,pA,1
aBipiS,aBi,piS,1
aBipyE,aBi,pyE,
aBiprakram,aBipra,kram,
aBipracyu,aBipra,cyu,1
aBiprajan,aBipra,jan,
aBipratipad,aBi-prati,pad,1
aBipratyave,aBi-prati-ava-A,i,5
aBipratye,aBi-prati-A,i,5
aBipraT,aBi,praT,1
aBipradru,aBipra,dru,2
aBiprabuD,aBipra,buD,
aBipraman,aBipra,man,
aBipramand,aBipra,mand,1
aBipravft,aBipra,vft,1
aBiprasf,aBipra,sf,
aBiprAp,aBipra,Ap,1
aBiprArc,aBipra,arc,1
aBiprArT,aBipra,arT,
aBiprAs,aBipra,as,1
aBipre,aBipra,i,5
aBiprekz,aBipra,Ikz,
aBiprer,aBipra,Ir,
aBiprez,aBipra,iz,1
aBiBuj,aBi,Buj,3
aBimantr,aBi,mantr,
aBimand,aBi,mand,1
aBimuc,aBi,muc,1
aBimf,aBi,mf,
aBimfkz,aBi,mfkz,
aBimfS,aBi,mfS,1
aBiyaj,aBi,yaj,1
aBiyuj,aBi,yuj,1
aBirakz,aBi,rakz,1
aBiraYj,aBi,raYj,
aBiraB,aBi,raB,
aBiruc,aBi,ruc,1
aBilaB,aBi,laB,
aBivad,aBi,vad,
aBivand,aBi,vand,
aBivaS,aBi,vaS,
aBivicar,aBi-vi,car,
aBivij,aBi,vij,1
aBivitan,aBi-vi,tan,1
aBivid,aBi,vid,3
aBiviBaj,aBi-vi,Baj,
aBiviruc,aBi-vi,ruc,1
aBivivas,aBi-vi,vas,2
aBivizaYj,aBi-vi,saYj,1
aBivizWA,aBi-vi,sTA,1
aBivizyand,aBi-vi,syand,
aBivisfj,aBi-vi,sfj,1
aBivI,aBi-vi,i,5
aBivIkz,aBi-vi,Ikz,
aBivft,aBi,vft,1
aBivfD,aBi,vfD,
aBivfz,aBi,vfz,
aBivyaD,aBi,vyaD,
aBivye,aBi,vye,
aBiSaNk,aBi,SaNk,
aBiSap,aBi,Sap,3
aBiSI,aBi,SI,3
aBiSuB,aBi,SuB,1
aBiScut,aBi,Scut,1
aBizac,aBi,sac,1
aBizaYj,aBi,saYj,1
aBizad,aBi,sad,2
aBizah,aBi,sah,1
aBizic,aBi,sic,1
aBiziv,aBi,siv,
aBizu,aBi,su,1
aBizU,aBi,sU,1
aBizUd,aBi,sUd,1
aBizo,aBi,so,1
aBizwan,aBi,stan,
aBizwamB,aBi,stamB,
aBizwu,aBi,stu,1
aBizwuB,aBi,stuB,1
aBizWA,aBi,sTA,1
aBizyand,aBi,syand,
aBizvaYj,aBi,svaYj,
aBisaMgam,aBi-sam,gam,1
aBisaMci,aBi-sam,ci,1
aBisaMnah,aBi-sam,nah,1
aBisaMnu,aBi-sam,nu,4
aBisaMraB,aBi-sam,raB,
aBisaMvas,aBi-sam,vas,4
aBisaMvas,aBi-sam,vas,5
aBisaMvid,aBi-sam,vid,3
aBisaMviS,aBi-sam,viS,
aBisaMvIkz,aBi-sam-vi,Ikz,
aBisaMvft,aBi-sam,vft,1
aBisaMSri,aBi-sam,Sri,1
aBisaMskf,aBisaMs,kf,1
aBisaMsvaYj,aBi-sam,svaYj,
aBisatkf,aBi-sat,kf,1
aBisap,aBi,sap,1
aBisamApad,aBi-sam-A,pad,1
aBisamf,aBi-sam,f,4
aBisame,aBi-sam-A,i,5
aBisamprekz,aBi-sam-prA,Ikz,
aBihary,aBi,hary,
aBI,aBi,i,5
aBIkz,aBi,Ikz,
aByaj,aBi,aj,
aByaYj,aBi,aYj,
aByativad,aBi-ati,vad,
aByatI,aBi-ati,i,5
aByanuvad,aBi-anu,vad,
aByapaSri,aBi-apa,Sri,1
aByapAn,aBi-apa-A,an,2
aByarc,aBi,arc,1
aByarT,aBi,arT,
aByavanij,aBi-ava,nij,
aByavavft,aBi-ava,vft,1
aByavAs,aBi-ava-A,as,1
aByave,aBi-ava-A,i,5
aByavekz,aBi-ava,Ikz,
aByas,aBi,as,2
aByAj,aBi-A,aj,
aByAtan,aBi-A,tan,1
aByAdA,aBi-A,dA,1
aByAp,aBi,Ap,1
aByAyam,aBi-A,yam,
aByAyu,aBi-A,yu,2
aByAraB,aBi-A,raB,
aByAviS,aBi-A,viS,
aByAvft,aBi-A,vft,1
aByAhan,aBi-A,han,1
aByukz,aBi,ukz,1
aByutkram,aBi-ud,kram,
aByutTA,aBi-ud,sTA,1
aByudIkz,aBi-ud,Ikz,
aByude,aBi-ud-A,i,5
aByudDA,aBi-ud,hA,2
aByudDf,aBi-ud,hf,1
aByupaDA,aBi-upa,DA,1
aByupapad,aBi-upa,pad,1
aByupAvft,aBi-upa-A,vft,1
aByupe,aBi-upa-A,i,5
aByupekz,aBi-upa,Ikz,
aByUrRu,aBi,UrRu,
aByUh,aBi,Uh,2
aByfYj,aBi,fYj,1
aBye,aBi-A,i,5
avakAS,ava,kAS,
avakfz,ava,kfz,1
avakF,ava,kF,1
avakrI,ava,krI,1
avakrIq,ava,krIq,
avagam,ava,gam,1
avagF,ava,gF,1
avacakz,ava,cakz,
avacCad,ava,Cad,1
avacCid,ava,Cid,
avacCo,ava,Co,
avajfmB,ava,jfmB,
avatan,ava,tan,1
avatF,ava,tF,
avadih,ava,dih,1
avaduh,ava,duh,1
avado,ava,do,
avaDA,ava,DA,1
avaDU,ava,DU,1
avaDvaMs,ava,DvaMs,
avanam,ava,nam,
avanij,ava,nij,
avanu,ava,nu,3
avapad,ava,pad,1
avapaS,ava,paS,3
avaplu,ava,plu,
avabanD,ava,banD,
avabAD,ava,bAD,
avabuD,ava,buD,
avaBAs,ava,BAs,1
avaBf,ava,Bf,1
avaman,ava,man,
avamuc,ava,muc,1
avamfj,ava,mfj,1
avayaj,ava,yaj,1
avaruD,ava,ruD,1
avaruh,ava,ruh,1
avalamb,ava,lamb,1
avalip,ava,lip,
avalih,ava,lih,1
avalI,ava,lI,1
avalup,ava,lup,1
avalok,ava,lok,
avaSI,ava,SI,1
avaSfD,ava,SfD,
avasaYj,ava,saYj,1
avasad,ava,sad,2
avasfj,ava,sfj,1
avaskF,ava-s,kF,1
avastF,ava,stF,1
avasTA,ava,sTA,1
avasmi,ava,smi,
avasyand,ava,syand,
avasraMs,ava,sraMs,1
avahan,ava,han,1
avahf,ava,hf,1
avahve,ava,hve,
avAloc,ava-A,loc,
ave,ava-A,i,5
avekz,ava,Ikz,
Akac,A,kac,
Akamp,A,kamp,
AkANkz,A,kANkz,
AkU,A,kU,1
Akf,A,kf,1
Akrand,A,krand,
Akram,A,kram,
AkrIq,A,krIq,
Akzi,A,kzi,1
AKAd,A,KAd,
AKid,A,Kid,
AKyA,A,KyA,
Agam,A,gam,1
Agur,A,gur,
AgE,A,gE,
AgranT,A,granT,1
Agrah,A,grah,
AGuz,A,Guz,1
AGrA,A,GrA,
Ac,A,ac,1
Acakz,A,cakz,
Aci,A,ci,1
Acit,A,cit,4
Acyu,A,cyu,1
Aj,A,aj,
Ajan,A,jan,
AjIv,A,jIv,
AYc,A,aYc,1
AYj,A,aYj,
AtaMs,A,taMs,
Atan,A,tan,1
Atam,A,tam,
Atfd,A,tfd,
Atfp,A,tfp,1
AtF,A,tF,
AdaG,A,daG,
AdaB,A,daB,
AdA,A,dA,1
AdA,A,dA,4
AdiS,A,diS,1
AdIp,A,dIp,
Adu,A,du,1
Aduh,A,duh,1
Adf,A,df,
AdF,A,dF,
AdE,A,dE,
Ado,A,do,
Adyut,A,dyut,2
Adru,A,dru,1
ADA,A,DA,1
ADAv,A,DAv,1
ADI,A,DI,1
ADU,A,DU,1
ADf,A,Df,
ADfz,A,Dfz,
ADmA,A,DmA,
ADyE,A,DyE,
Anad,A,nad,
Anand,A,nand,
Anam,A,nam,
Anah,A,nah,1
AnI,A,nI,2
Anu,A,nu,4
Anft,A,nft,1
Ap,A,Ap,1
Apat,A,pat,1
Apad,A,pad,1
Apan,A,pan,2
ApaS,A,paS,3
ApA,A,pA,1
ApiS,A,piS,1
Apiz,A,piz,
ApU,A,pU,1
ApUy,A,pUy,
Apf,A,pf,1
Apf,A,pf,2
Apfc,A,pfc,1
ApF,A,pF,
ApyE,A,pyE,
ApraC,A,praC,
ApratI,A-prati,i,5
Aprayam,A-pra,yam,
AprA,A,prA,1
AprI,A,prI,1
Apru,A,pru,
Aplu,A,plu,
AbanD,A,banD,
AbAD,A,bAD,
AbuD,A,buD,
Abfh,A,bfh,1
AbrU,A,brU,
ABaj,A,Baj,
ABA,A,BA,1
ABAz,A,BAz,1
ABAs,A,BAs,1
ABuj,A,Buj,1
ABUz,A,BUz,
ABf,A,Bf,1
AmaT,A,maT,1
Aman,A,man,
Amantr,A,mantr,
Amah,A,mah,1
AmA,A,mA,2
AmI,A,mI,1
AmIl,A,mIl,
AmIv,A,mIv,1
Amuc,A,muc,1
Amuz,A,muz,1
Amfj,A,mfj,1
Amfd,A,mfd,1
AmfS,A,mfS,1
Amfz,A,mfz,1
AmnA,A,mnA,
Amyakz,A,myakz,
Amreq,A,mreq,
Ayaj,A,yaj,1
Ayat,A,yat,2
Ayam,A,yam,
Ayas,A,yas,
AyA,A,yA,1
AyAc,A,yAc,
Ayu,A,yu,2
Ayuj,A,yuj,1
AyuD,A,yuD,1
Ayup,A,yup,
Arakz,A,rakz,1
Araw,A,raw,
Arap,A,rap,
AraB,A,raB,
Aram,A,ram,
Aras,A,ras,1
ArAD,A,rAD,
Aric,A,ric,
AriP,A,riP,
AriS,A,riS,
Arih,A,rih,
ArI,A,rI,1
Aru,A,ru,1
Aruc,A,ruc,1
Aruj,A,ruj,1
AruD,A,ruD,2
Aruh,A,ruh,1
Alakz,A,lakz,
Alag,A,lag,
AlaB,A,laB,
Alamb,A,lamb,1
Alaz,A,laz,
AliK,A,liK,
AliNg,A,liNg,
Alip,A,lip,
Alih,A,lih,1
AlI,A,lI,1
AluYc,A,luYc,
Aluq,A,luq,
Alup,A,lup,1
AluB,A,luB,
AlU,A,lU,1
Alok,A,lok,
Aloc,A,loc,
Avac,A,vac,
Avad,A,vad,
Avan,A,van,1
Avap,A,vap,2
Avalg,A,valg,
Avas,A,vas,5
Avah,A,vah,1
AvA,A,vA,2
Avitan,A-vi,tan,1
Avid,A,vid,1
Avid,A,vid,3
AviBA,A-vi,BA,1
AviS,A,viS,
Avihan,A-vi,han,1
AvI,A,vI,1
Avf,A,vf,1
Avf,A,vf,2
Avfj,A,vfj,1
Avft,A,vft,1
AvfD,A,vfD,
Avfz,A,vfz,
Avfh,A,vfh,1
Ave,A,ve,1
Ave,A-ava-A,i,5
Avezw,A,vezw,
AvyaD,A,vyaD,
Avye,A,vye,
Avraj,A,vraj,
AvraSc,A,vraSc,
ASaMs,A,SaMs,
ASak,A,Sak,
ASaNk,A,SaNk,
ASAs,A,SAs,1
ASi,A,Si,1
ASI,A,SI,1
ASuc,A,Suc,1
ASuz,A,Suz,1
ASyE,A,SyE,
ASri,A,Sri,1
ASrI,A,SrI,1
ASru,A,Sru,1
ASlaT,A,SlaT,
ASliz,A,Sliz,1
ASvas,A,Svas,1
As,A,as,1
Asac,A,sac,1
AsaYj,A,saYj,1
Asad,A,sad,2
Asan,A,san,1
Asi,A,si,1
Asic,A,sic,1
Asiv,A,siv,
Asu,A,su,3
AsU,A,sU,1
Asf,A,sf,
Asfj,A,sfj,1
Asev,A,sev,
Askand,A,skand,
AskaB,A,skaB,
Asku,A,sku,
AstuB,A,stuB,1
Astf,A,stf,1
AsTA,A,sTA,1
Aspand,A,spand,
Aspf,A,spf,1
AsPAy,A,sPAy,
Asyand,A,syand,
Asru,A,sru,
Asvad,A,svad,
Asvan,A,svan,1
Asvid,A,svid,2
Ahan,A,han,1
Ahary,A,hary,
Ahi,A,hi,1
AhiMs,A,hiMs,1
Ahu,A,hu,1
Ahf,A,hf,1
Ahfz,A,hfz,
Ahvf,A,hvf,
Ahve,A,hve,
izkf,nis,kf,1
uccak,ud,cak,
uccaw,ud,caw,
uccar,ud,car,
uccal,ud,cal,
ucci,ud,ci,1
uccumb,ud,cumb,2
ucculump,ud,culump,
uccyu,ud,cyu,1
ucCaMs,ud,SaMs,
ucCad,ud,Cad,1
ucCal,ud,Sal,1
ucCAs,ud,SAs,1
ucCid,ud,Cid,
ucCiz,ud,Siz,1
ucCI,ud,SI,1
ucCuc,ud,Suc,1
ucCuz,ud,Suz,1
ucCraT,ud,SraT,
ucCri,ud,Sri,1
ucCvaYc,ud,SvaYc,
ucCvas,ud,Svas,1
ucCvi,ud,Svi,
ujjan,ud,jan,
ujjas,ud,jas,
ujjAgf,ud,jAgf,
ujji,ud,ji,1
ujjIv,ud,jIv,
ujjfmB,ud,jfmB,
ujjval,ud,jval,
uqqI,ud,qI,
utkand,ud,skand,
utkamp,ud,kamp,
utkal,ud,kal,1
utkal,ud,kal,1
utkaz,ud,kaz,
utkas,ud,kas,1
utkAS,ud,kAS,
utkAs,ud,kAs,1
utkIl,ud,kIl,
utkuc,ud,kuc,
utkuw,ud,kuw,
utkU,ud,kU,1
utkUj,ud,kUj,
utkUrd,ud,kUrd,
utkf,ud,kf,1
utkft,ud,kft,2
utkft,ud,kft,2
utkfz,ud,kfz,1
utkF,ud,kF,1
utkxp,ud,kxp,
utkram,ud,kram,
utkruS,ud,kruS,
utkliS,ud,kliS,
utkvaT,ud,kvaT,
utkzip,ud,kzip,1
utKac,ud,Kac,
utKan,ud,Kan,
utKid,ud,Kid,
uttakz,ud,takz,1
uttan,ud,tan,1
uttap,ud,tap,1
uttam,ud,tam,
uttamB,ud,stamB,
uttij,ud,tij,
uttu,ud,tu,1
uttud,ud,tud,1
uttul,ud,tul,
uttfd,ud,tfd,
uttF,ud,tF,
uttras,ud,tras,1
utTA,ud,sTA,1
utpac,ud,pac,1
utpaw,ud,paw,
utpat,ud,pat,1
utpad,ud,pad,1
utpaS,ud,paS,3
utpA,ud,pA,1
utpA,ud,pA,1
utpIq,ud,pIq,
utpU,ud,pU,1
utpF,ud,pF,
utpyE,ud,pyE,
utpru,ud,pru,
utprekz,ud-prA,Ikz,
utplu,ud,plu,
utPal,ud,Pal,
utsad,ud,sad,2
utsarj,ud,sarj,1
utsah,ud,sah,1
utsi,ud,si,1
utsic,ud,sic,1
utsiD,ud,siD,1
utsiv,ud,siv,
utsU,ud,sU,1
utsf,ud,sf,
utsfj,ud,sfj,1
utsfp,ud,sfp,
utsnA,ud,snA,1
utspfS,ud,spfS,1
utsmi,ud,smi,
udaj,ud,aj,
udaYc,ud,aYc,1
udaYj,ud,aYj,
udan,ud,an,2
udapAs,ud-apa-A,as,1
udaBI,ud-aBi,i,5
udarc,ud,arc,1
udard,ud,ard,
udavaso,ud-ava,so,1
udas,ud,as,2
udAkf,ud-A,kf,1
udAgA,ud-A,gA,1
udAcakz,ud-A,cakz,
udAcar,ud-A,car,
udAjan,ud-A,jan,
udAtan,ud-A,tan,1
udAdA,ud-A,dA,1
udAdru,ud-A,dru,2
udAnI,ud-A,nI,2
udAp,ud,Ap,1
udAyam,ud-A,yam,
udAyA,ud-A,yA,1
udAyu,ud-A,yu,2
udAruh,ud-A,ruh,1
udAvas,ud-A,vas,5
udAvah,ud-A,vah,1
udAvraj,ud-A,vraj,
udASaMs,ud-A,SaMs,
udAs,ud,As,2
udAsTA,ud-A,sTA,1
udAhan,ud-A,han,1
udAhf,ud-A,hf,1
udi,ud,i,5
udIkz,ud,Ikz,
udIr,ud,Ir,
udIz,ud,Iz,1
udukz,ud,ukz,1
udubj,ud,ubj,
uduz,ud,uz,1
udUh,ud,Uh,1
udf,ud,f,4
udfz,ud,fz,2
ude,ud-A,i,5
udej,ud,ej,
udgam,ud,gam,1
udgarj,ud,garj,
udgal,ud,gal,1
udgA,ud,gA,1
udgAh,ud,gAh,
udgur,ud,gur,
udguh,ud,guh,1
udgF,ud,gF,1
udgE,ud,gE,
udgranT,ud,granT,1
udgrah,ud,grah,
udGuz,ud,Guz,1
udGfz,ud,Gfz,2
uddA,ud,dA,1
uddiS,ud,diS,1
uddih,ud,dih,1
uddIp,ud,dIp,
udduz,ud,duz,2
uddfMh,ud,dfMh,
uddF,ud,dF,
uddyut,ud,dyut,2
uddru,ud,dru,1
udDan,ud,han,1
udDas,ud,has,1
udDA,ud,DA,1
udDA,ud,hA,2
udDI,ud,DI,1
udDU,ud,DU,1
udDf,ud,Df,
udDf,ud,hf,1
udDfz,ud,hfz,
udDmA,ud,DmA,
udDvaMs,ud,DvaMs,
udDve,ud,hve,
udbanD,ud,banD,
udbAD,ud,bAD,
udbuD,ud,buD,
udbrU,ud,brU,
udBarts,ud,Barts,
udBA,ud,BA,1
udBAs,ud,BAs,1
udBid,ud,Bid,1
udBU,ud,BU,1
udBf,ud,Bf,1
udBram,ud,Bram,
udyam,ud,yam,
udyA,ud,yA,1
udyu,ud,yu,2
udyuj,ud,yuj,1
udyuD,ud,yuD,1
udraYj,ud,raYj,
udram,ud,ram,
udruc,ud,ruc,1
udruD,ud,ruD,2
udvad,ud,vad,
udvap,ud,vap,2
udvam,ud,vam,
udvas,ud,vas,5
udvah,ud,vah,1
udvA,ud,vA,2
udvAS,ud,vAS,
udviGuz,ud-vi,Guz,1
udvicakz,ud-vi,cakz,
udvij,ud,vij,1
udvidF,ud-vi,dF,
udvisfj,ud-vi,sfj,1
udvIkz,ud-vi,Ikz,
udvf,ud,vf,1
udvfj,ud,vfj,1
udvft,ud,vft,1
udvfz,ud,vfz,
udvfh,ud,vfh,1
udve,ud,ve,1
udvell,ud,vell,
udvezw,ud,vezw,
udvE,ud,vE,1
udvyudas,ud-vi-ud,as,2
udvraj,ud,vraj,
unnad,ud,nad,
unnaB,ud,naB,1
unnam,ud,nam,
unnaS,ud,naS,1
unnah,ud,nah,1
unniDA,ud-ni,DA,1
unnI,ud,nI,2
unmajj,ud,majj,
unmad,ud,mad,2
unmand,ud,mand,1
unmi,ud,mi,1
unmiz,ud,miz,1
unmI,ud,mI,1
unmIl,ud,mIl,
unmuc,ud,muc,1
unmud,ud,mud,1
unmurC,ud,murC,
unmuz,ud,muz,1
unmuh,ud,muh,1
unmfj,ud,mfj,1
unmfd,ud,mfd,1
unmfS,ud,mfS,1
upakf,upa,kf,1
upakft,upa,kft,2
upakfz,upa,kfz,1
upakF,upa,kF,1
upakxp,upa,kxp,
upakram,upa,kram,
upakrIq,upa,krIq,
upakruS,upa,kruS,
upaklid,upa,klid,
upakzar,upa,kzar,
upakzi,upa,kzi,2
upakzip,upa,kzip,1
upagam,upa,gam,1
upagA,upa,gA,1
upagAh,upa,gAh,
upaguh,upa,guh,1
upagF,upa,gF,1
upagF,upa,gF,2
upagE,upa,gE,
upagranT,upa,granT,1
upagras,upa,gras,1
upagrah,upa,grah,
upaGrA,upa,GrA,
upacar,upa,car,
upaci,upa,ci,1
upacft,upa,cft,
upacCad,upa,Cad,1
upacCal,upa,Cal,
upajan,upa,jan,
upajap,upa,jap,
upaji,upa,ji,1
upajIv,upa,jIv,
upajuz,upa,juz,1
upajYA,upa,jYA,1
upajri,upa,jri,1
upaQOk,upa,QOk,
upatap,upa,tap,1
upatfd,upa,tfd,
upadamB,upa,damB,
upadas,upa,das,
upadah,upa,dah,1
upadA,upa,dA,1
upadiS,upa,diS,1
upaduz,upa,duz,2
upadru,upa,dru,1
upaDA,upa,DA,1
upaDAv,upa,DAv,1
upaDf,upa,Df,
upaDfz,upa,Dfz,
upaDe,upa,De,
upaDmA,upa,DmA,
upanakz,upa,nakz,
upanam,upa,nam,
upanah,upa,nah,1
upanAT,upa,nAT,
upaniHSri,upa-nis,Sri,1
upanikzip,upa-ni,kzip,1
upanigam,upa-ni,gam,1
upanigrah,upa-ni,grah,
upaniDA,upa-ni,DA,1
upanipat,upa-ni,pat,1
upanipad,upa-ni,pad,1
upaniplu,upa-ni,plu,
upanibanD,upa-ni,banD,
upanimajj,upa-ni,majj,
upanimantr,upa-ni,mantr,
upanimand,upa-ni,mand,1
upanimreq,upa-ni,mreq,
upaniyuj,upa-ni,yuj,1
upaniruD,upa-ni,ruD,1
upanirvft,upa-nis,vft,1
upanivap,upa-ni,vap,2
upaniviS,upa-ni,viS,
upanivf,upa-ni,vf,1
upanivft,upa-ni,vft,1
upanivezw,upa-ni,vezw,
upaniSri,upa-ni,Sri,1
upanizad,upa-ni,sad,2
upanizev,upa-ni,sev,
upanizkram,upa-nis,kram,
upanihan,upa-ni,han,1
upanI,upa,nI,2
upanI,upa-ni,i,5
upanft,upa,nft,1
upanyas,upa-ni,as,2
upanyAcar,upa-ni-A,car,
upanyAplu,upa-ni-A,plu,
upapat,upa,pat,1
upapad,upa,pad,1
upaparIkz,upa-pari,Ikz,
upapare,upa-parA,i,5
upaparyAvft,upa-pari-A,vft,1
upapfc,upa,pfc,1
upapF,upa,pF,
upapragA,upapra,gA,1
upapraC,upa,praC,
upaprajan,upapra,jan,
upaprajinv,upapra,jinv,
upapratigrah,upa-prati,grah,
upapradA,upapra,dA,1
upapraBid,upapra,Bid,1
upapraBU,upapra,BU,1
upapraBUz,upapra,BUz,
upaprayam,upapra,yam,
upaprayA,upapra,yA,1
upapravad,upapra,vad,
upapravft,upapra,vft,1
upapravfh,upapra,vfh,1
upapraSri,upapra,Sri,1
upaprasad,upapra,sad,2
upaprasf,upapra,sf,
upaprastf,upapra,stf,1
upaprahi,upapra,hi,1
upaprAp,upapra-A,Ap,1
upaprAyA,upapra-A,yA,1
upapre,upapra-A,i,5
upaprekz,upapra,Ikz,
upaprez,upapra-A,iz,1
upaplu,upa,plu,
upabanD,upa,banD,
upabfh,upa,bfh,1
upabrU,upa,brU,
upaBaj,upa,Baj,
upaBuj,upa,Buj,1
upaBU,upa,BU,1
upaBUz,upa,BUz,
upaBf,upa,Bf,1
upaBram,upa,Bram,
upamajj,upa,majj,
upamaT,upa,maT,1
upamad,upa,mad,2
upamantr,upa,mantr,
upamA,upa,mA,2
upami,upa,mi,1
upamuc,upa,muc,1
upamfj,upa,mfj,1
upamfd,upa,mfd,1
upamluc,upa,mluc,
upayaj,upa,yaj,1
upayat,upa,yat,2
upayantr,upa,yantr,
upayam,upa,yam,
upayA,upa,yA,1
upayuj,upa,yuj,1
uparac,upa,rac,
uparaYj,upa,raYj,
uparaD,upa,raD,
uparam,upa,ram,
uparamB,upa,ramB,
uparuc,upa,ruc,1
uparuD,upa,ruD,2
uparuh,upa,ruh,1
upalakz,upa,lakz,
upalaB,upa,laB,
upalip,upa,lip,
upalI,upa,lI,1
upavac,upa,vac,
upavad,upa,vad,
upavap,upa,vap,2
upavarR,upa,varR,
upavalh,upa,valh,
upavas,upa,vas,5
upavah,upa,vah,1
upavA,upa,vA,2
upaviD,upa,viD,1
upaviS,upa,viS,
upaviz,upa,viz,1
upavizWA,upa-vi,sTA,1
upavI,upa,vI,1
upavIkz,upa-vi,Ikz,
upavIj,upa,vIj,
upavft,upa,vft,1
upave,upa,ve,1
upavE,upa,vE,1
upavyaD,upa,vyaD,
upavye,upa,vye,
upavraj,upa,vraj,
upaSak,upa,Sak,
upaSaNk,upa,SaNk,
upaSam,upa,Sam,1
upaSiNG,upa,SiNG,
upaSI,upa,SI,1
upaSuB,upa,SuB,1
upaSuz,upa,Suz,1
upaSram,upa,Sram,1
upaSri,upa,Sri,1
upaSru,upa,Sru,1
upaSliz,upa,Sliz,1
upasaMkxp,upa-sam,kxp,
upasaMkram,upa-sam,kram,
upasaMgam,upa-sam,gam,1
upasaMgrah,upa-sam,grah,
upasaMcar,upa-sam,car,
upasaMjan,upa-sam,jan,
upasaMtan,upa-sam,tan,1
upasaMDA,upa-sam,DA,1
upasaMnud,upa-sam,nud,
upasaMpad,upa-sam,pad,1
upasaMpraC,upa-sam,praC,
upasaMprayA,upa-sam-pra,yA,1
upasaMprAp,upa-sam-prA,Ap,1
upasaMBid,upa-sam,Bid,1
upasaMyA,upa-sam,yA,1
upasaMruD,upa-sam,ruD,2
upasaMruh,upa-sam,ruh,1
upasaMviS,upa-sam,viS,
upasaMvye,upa-sam,vye,
upasaMvraj,upa-sam,vraj,
upasaMSaMs,upa-sam,SaMs,
upasaMSri,upa-sam,Sri,1
upasaMhf,upa-sam,hf,1
upasac,upa,sac,1
upasaYj,upa,saYj,1
upasad,upa,sad,2
upasamAkf,upa-sam-A,kf,1
upasamADA,upa-sam-A,DA,1
upasamAvft,upa-sam-A,vft,1
upasamAhf,upa-sam-A,hf,1
upasami,upa-sam,i,5
upasaminD,upa-sam,inD,
upasamUh,upa-sam,Uh,1
upasame,upa-sam-A,i,5
upasAD,upa,sAD,1
upasic,upa,sic,1
upasiD,upa,siD,2
upasf,upa,sf,
upasfj,upa,sfj,1
upasfp,upa,sfp,
upasev,upa,sev,
upaskamB,upa,skamB,
upastamB,upa,stamB,
upastu,upa,stu,1
upastf,upa,stf,1
upasTA,upa,sTA,1
upasnih,upa,snih,1
upaspfS,upa,spfS,1
upasmi,upa,smi,
upasmf,upa,smf,2
upasru,upa,sru,
upasvf,upa,svf,
upahan,upa,han,1
upahas,upa,has,1
upahA,upa,hA,2
upahArIkf,upahArI,kf,1
upahiMs,upa,hiMs,1
upahu,upa,hu,1
upahf,upa,hf,1
upahvf,upa,hvf,
upahve,upa,hve,
upAkf,upa-A,kf,1
upAkram,upa-A,kram,
upAKyA,upa-A,KyA,
upAgam,upa-A,gam,1
upAgA,upa-A,gA,1
upAGrA,upa-A,GrA,
upAcar,upa-A,car,
upAj,upa-A,aj,
upAYc,upa-A,aYc,1
upAYj,upa-A,aYj,
upAtI,upa-ati,i,5
upAdA,upa-A,dA,1
upAdiS,upa-A,diS,1
upAdru,upa-A,dru,1
upADA,upa-A,DA,1
upADAv,upa-A,DAv,1
upADiruh,upa-aDi,ruh,1
upADmA,upa-A,DmA,
upAnI,upa-A,nI,2
upAnvAruh,upa-anu-A,ruh,1
upAp,upa-A,Ap,1
upApat,upa-A,pat,1
upApraC,upa-A,praC,
upABUz,upa-A,BUz,
upAyA,upa-A,yA,1
upAyuj,upa-A,yuj,1
upAram,upa-A,ram,
upArud,upa-A,rud,1
upAruh,upa-A,ruh,1
upArj,upa-A,arj,
upArz,upa,fz,1
upAlaB,upa-A,laB,
upAv,upa-A,av,
upAvaram,upa-ava,ram,
upAvaruh,upa-ava,ruh,1
upAvaSri,upa-ava,Sri,1
upAvasfj,upa-ava,sfj,1
upAvasfp,upa-ava,sfp,
upAvaso,upa-ava,so,1
upAvah,upa-A,vah,1
upAvahf,upa-ava,hf,1
upAviS,upa-A,viS,
upAvft,upa-A,vft,1
upAve,upa-ava-A,i,5
upAvekz,upa-ava,Ikz,
upAvraj,upa-A,vraj,
upASri,upa-A,Sri,1
upAs,upa-A,as,1
upAs,upa-A,as,1
upAs,upa-A,As,2
upAsad,upa-A,sad,2
upAsfj,upa-A,sfj,1
upAstf,upa-A,stf,1
upAsTA,upa-A,sTA,1
upAhan,upa-A,han,1
upAhf,upa-A,hf,1
upAhve,upa-A,hve,
upe,upa-A,i,5
upe,upa-A,i,5
upekz,upa,Ikz,
upez,upa-A,iz,1
upez,upa,Iz,1
upez,upa,Iz,1
upED,upa,eD,
upokz,upa-A,ukz,1
upotkram,upa-ud,kram,
upotTA,upa-ud,sTA,1
upotsad,upa-ud,sad,2
upotsic,upa-ud,sic,1
upod,upa,ud,2
upodAsfp,upa-ud-A,sfp,
upodAhf,upa-ud-A,hf,1
upodi,upa-ud,i,5
upodgrah,upa-ud,grah,
upodDan,upa-ud,han,1
upodyam,upa-ud,yam,
uponnI,upa-ud,nI,2
upopaDA,upa-upa,DA,1
upopaparAmfS,upa-upa-parA,mfS,1
upopaviS,upa-upa,viS,
upoz,upa-A,uz,1
upoh,upa-A,Uh,1
ullaNG,ud,laNG,
ullap,ud,lap,1
ullamb,ud,lamb,1
ullal,ud,lal,
ullas,ud,las,1
ulliK,ud,liK,
ullih,ud,lih,1
ullI,ud,lI,1
ulluYc,ud,luYc,
ulluW,ud,luW,1
ullup,ud,lup,1
ullU,ud,lU,1
UrDvIkf,UrDvI,kf,1
e,A,i,5
ekz,A,Ikz,
enD,A,inD,
er,A,Ir,
ez,A,Iz,1
o,A,u,4
okz,A,ukz,1
opadru,A-upa,dru,1
grAsapAtrIkf,grAsapAtrI,kf,1
tiroDA,tiras,DA,1
niHkzi,nis,kzi,1
niHSI,nis,SI,1
niHSuc,nis,Suc,1
niHSF,nis,SF,
niHSvas,nis,Svas,1
niHzWiv,nis,zWiv,
niHsf,nis,sf,
niHsfj,nis,sfj,1
niHsfp,nis,sfp,
niHspf,nis,spf,1
niHsPur,nis,sPur,1
niHsru,nis,sru,
niHsvf,nis,svf,
nikam,ni,kam,2
nikUj,ni,kUj,
nikUq,ni,kUq,1
nikUR,ni,kUR,
nikf,ni,kf,1
nikft,ni,kft,2
nikfz,ni,kfz,1
nikrand,ni,krand,
nikram,ni,kram,
nikzip,ni,kzip,1
niKan,ni,Kan,
niKid,ni,Kid,
nigad,ni,gad,
nigam,ni,gam,1
nigarh,ni,garh,
niguh,ni,guh,1
nigF,ni,gF,2
nigE,ni,gE,
nigranT,ni,granT,1
nigrah,ni,grah,
niGfz,ni,Gfz,2
nici,ni,ci,2
nicft,ni,cft,
nijUrv,ni,jUrv,
nitan,ni,tan,1
nitap,ni,tap,1
nitud,ni,tud,1
nituS,ni,tuS,1
nitfd,ni,tfd,
nitfp,ni,tfp,1
nidah,ni,dah,1
nidA,ni,dA,4
nidiS,ni,diS,1
nidrA,ni,drA,2
niDA,ni,DA,1
niDAv,ni,DAv,2
niDU,ni,DU,1
niDyE,ni,DyE,
ninad,ni,nad,
ninard,ni,nard,
ninI,ni,nI,2
ninft,ni,nft,1
nipat,ni,pat,1
nipad,ni,pad,1
nipA,ni,pA,1
nipA,ni,pA,1
nipIy,ni,pIy,
nipF,ni,pF,
niprahan,ni-pra,han,1
nibanD,ni,banD,
nibAD,ni,bAD,
nibuD,ni,buD,
nibfh,ni,bfh,1
niBaYj,ni,BaYj,1
niBal,ni,Bal,
niBuj,ni,Buj,1
nimajj,ni,majj,
nimad,ni,mad,2
niman,ni,man,
nimantr,ni,mantr,
nimA,ni,mA,2
nimi,ni,mi,1
nimiz,ni,miz,1
nimih,ni,mih,1
nimIl,ni,mIl,
nimfj,ni,mfj,1
nimfd,ni,mfd,1
nime,ni,me,1
nimyakz,ni,myakz,
nimruc,ni,mruc,
nimluc,ni,mluc,
niyat,ni,yat,2
niyantr,ni,yantr,
niyam,ni,yam,
niyA,ni,yA,1
niyu,ni,yu,2
niyuj,ni,yuj,1
niyuD,ni,yuD,1
niram,ni,ram,
nirI,ni,rI,1
niruD,ni,ruD,1
nirUp,ni,rUp,
nirgam,nis,gam,1
nirGfz,nis,Gfz,2
nirji,nis,ji,1
nirdaMS,nis,daMS,1
nirdah,nis,dah,1
nirdiS,nis,diS,1
nirduh,nis,duh,1
nirdru,nis,dru,1
nirDam,nis,Dam,
nirDA,nis,DA,1
nirDAv,nis,DAv,1
nirDU,nis,DU,1
nirbanD,nis,banD,
nirbAD,nis,bAD,
nirbrU,nis,brU,
nirBaj,nis,Baj,
nirBaYj,nis,BaYj,1
nirBarts,nis,Barts,
nirBA,nis,BA,1
nirBid,nis,Bid,1
nirBuj,nis,Buj,1
nirmajj,nis,majj,
nirmaT,nis,maT,1
nirmanT,nis,manT,1
nirmA,nis,mA,2
nirmi,nis,mi,1
nirmuc,nis,muc,1
nirmfj,nis,mfj,1
niryA,nis,yA,1
niryAc,nis,yAc,
niryu,nis,yu,1
nirliK,nis,liK,
nirlih,nis,lih,1
nirlup,nis,lup,1
nirvaYc,nis,vaYc,
nirvad,nis,vad,
nirvap,nis,vap,1
nirvam,nis,vam,
nirvarR,nis,varR,
nirvas,nis,vas,5
nirvah,nis,vah,1
nirvA,nis,vA,2
nirvid,nis,vid,3
nirvivah,nis-vi,vah,1
nirviS,nis,viS,
nirvf,nis,vf,2
nirvft,nis,vft,1
nirvE,nis,vE,1
nirvyaD,nis,vyaD,
nirvraj,nis,vraj,
nirvlI,nis,vlI,
nirhan,nis,han,1
nirhA,nis,hA,2
nirhf,nis,hf,1
nirhras,nis,hras,
nirhve,nis,hve,
nilip,ni,lip,
nilI,ni,lI,1
nivad,ni,vad,
nivap,ni,vap,2
nivas,ni,vas,4
nivas,ni,vas,5
nivah,ni,vah,1
niviS,ni,viS,
nivfj,ni,vfj,1
nivft,ni,vft,1
nivyaD,ni,vyaD,
nivraSc,ni,vraSc,
niSam,ni,Sam,1
niSAs,ni,SAs,1
niSi,ni,Si,1
niSuc,ni,Suc,1
niSuB,ni,SuB,1
niSumB,ni,SumB,2
niSo,ni,So,
niScar,nis,car,
niSci,nis,ci,2
niScut,ni,Scut,1
niSri,ni,Sri,1
niSvas,ni,Svas,1
nizac,ni,sac,1
nizaYj,ni,saYj,1
nizad,ni,sad,2
nizah,ni,sah,1
nizic,ni,sic,1
niziD,ni,siD,1
niziv,ni,siv,
nizUd,ni,sUd,1
nizev,ni,sev,
nizo,ni,so,1
nizkuz,nis,kuz,
nizkf,nis,kf,1
nizkft,nis,kft,2
nizkfz,nis,kfz,1
nizkram,nis,kram,
nizkrI,nis,krI,1
nizKan,nis,Kan,
nizKid,nis,Kid,
nizwap,nis,tap,1
nizwu,ni,stu,1
nizwyE,ni,styE,
nizWA,ni,sTA,1
nizWiv,ni,zWiv,
nizpat,nis,pat,1
nizpad,nis,pad,1
nizpA,nis,pA,1
nizpA,nis,pA,3
nizpiS,nis,piS,1
nizpiz,nis,piz,
nizpIq,nis,pIq,
nizpU,nis,pU,1
nizpf,nis,pf,1
nizvaYj,ni,svaYj,
nistakz,nis,takz,1
nistud,nis,tud,1
nistF,nis,tF,
nispfS,ni,spfS,1
nisyand,ni,syand,
nisru,ni,sru,
nisvan,ni,svan,1
nihan,ni,han,1
nihA,ni,hA,2
nihf,ni,hf,1
nihfz,ni,hfz,
nihnu,ni,hnu,
nihve,ni,hve,
nIrAj,nis,rAj,1
nIrI,nis,rI,1
nIruc,nis,ruc,1
nyaYc,ni,aYc,1
nyaYj,ni,aYj,
nyavacar,ni-ava,car,
nyavasfj,ni-ava,sfj,1
nyavekz,ni-ava,Ikz,
nyas,ni,as,1
nyADf,ni-A,Df,
nyAvyaD,ni-A,vyaD,
nyAsad,ni-A,sad,2
nyuc,ni,uc,
nyud,ni,ud,2
nyubj,ni,ubj,
nyuB,ni,uB,
nyuz,ni,uz,1
nyUh,ni,Uh,1
nyUh,ni,Uh,1
nyf,ni,f,4
nyfYj,ni,fYj,1
nyfz,ni,fz,1
nye,ni-A,i,5
nyej,ni,ej,
parAkf,parA,kf,1
parAkram,parA,kram,
parAkzip,parA,kzip,1
parAgam,parA,gam,1
parAcar,parA,car,
parAji,parA,ji,1
parAdA,parA,dA,1
parAdru,parA,dru,1
parADAv,parA,DAv,1
parADmA,parA,DmA,
parApat,parA,pat,1
parApaS,parA,paS,3
parApU,parA,pU,1
parABU,parA,BU,1
parAmfS,parA,mfS,1
parAyA,parA,yA,1
parAvac,parA,vac,
parAvad,parA,vad,
parAvap,parA,vap,2
parAvam,parA,vam,
parAvalg,parA,valg,
parAvah,parA,vah,1
parAvA,parA,vA,2
parAvfj,parA,vfj,1
parAvft,parA,vft,1
parAvyaD,parA,vyaD,
parASF,parA,SF,
parAs,parA,as,1
parAsic,parA,sic,1
parAsU,parA,sU,1
parAsf,parA,sf,
parAsfj,parA,sfj,1
parAstamB,parA,stamB,
parAhan,parA,han,1
parAhA,parA,hA,2
parikaT,pari,kaT,
parikal,pari,kal,2
parikal,pari,kal,1
parikIrt,pari,kIrt,
parikup,pari,kup,1
parikf,pari,kf,1
parikft,pari,kft,2
parikft,pari,kft,3
parikfz,pari,kfz,1
parikF,pari,kF,1
parikram,pari,kram,
parikrI,pari,krI,1
parikrIq,pari,krIq,
parikruD,pari,kruD,1
parikruS,pari,kruS,
pariklam,pari,klam,
parikliS,pari,kliS,
parikvaT,pari,kvaT,
parikzar,pari,kzar,
parikzal,pari,kzal,2
parikzi,pari,kzi,4
parikzi,pari,kzi,2
parikzip,pari,kzip,1
pariKid,pari,Kid,
pariKyA,pari,KyA,
parigaR,pari,gaR,
parigam,pari,gam,1
parigarj,pari,garj,
parigarh,pari,garh,
parigA,pari,gA,1
parigE,pari,gE,
parigras,pari,gras,1
parigrah,pari,grah,
pariGaw,pari,Gaw,
pariGaww,pari,Gaww,
pariGUrR,pari,GUrR,
pariGfz,pari,Gfz,2
pariGrA,pari,GrA,
paricakz,pari,cakz,
paricar,pari,car,
parici,pari,ci,1
parici,pari,ci,2
paricint,pari,cint,
paricumb,pari,cumb,2
paricft,pari,cft,
paricCad,pari,Cad,1
paricCid,pari,Cid,
parijalp,pari,jalp,
pariji,pari,ji,1
parijfmB,pari,jfmB,
parijF,pari,jF,1
parijYA,pari,jYA,1
parijval,pari,jval,
pariRiDA,pari-ni,DA,1
pariRihan,pari-ni,han,1
paritaq,pari,taq,
paritan,pari,tan,1
paritap,pari,tap,1
paritam,pari,tam,
paritark,pari,tark,
paritud,pari,tud,1
parituz,pari,tuz,
paritfd,pari,tfd,
parityaj,pari,tyaj,1
paritrE,pari,trE,
paridah,pari,dah,1
paridA,pari,dA,1
paridiv,pari,div,1
paridIp,pari,dIp,
paridu,pari,du,2
paridF,pari,dF,
paridru,pari,dru,1
pariDA,pari,DA,1
pariDAv,pari,DAv,1
pariDU,pari,DU,1
pariDf,pari,Df,
pariDfz,pari,Dfz,
pariniHstan,pari-nis,stan,
parinind,pari,nind,
parinirluW,pari-nis,luW,2
parinirvA,pari-nis,vA,2
parinivft,pari-ni,vft,1
parinizad,pari-ni,sad,2
parinizic,pari-ni,sic,1
parinizev,pari-ni,sev,
parinizWA,pari-ni,sTA,1
parinizpad,pari-nis,pad,1
parinft,pari,nft,1
paripac,pari,pac,1
paripaW,pari,paW,
paripat,pari,pat,1
paripaS,pari,paS,3
paripA,pari,pA,1
paripA,pari,pA,3
paripIq,pari,pIq,
paripU,pari,pU,1
paripUj,pari,pUj,
paripragrah,pari-pra,grah,
paripraC,pari,praC,
paripraT,pari,praT,1
paripramuc,pari-pra,muc,1
pariprasyand,pari-pra,syand,
pariprAp,pari-prA,Ap,1
pariprez,pari-prA,iz,1
pariplu,pari,plu,
paribanD,pari,banD,
paribAD,pari,bAD,
paribfMh,pari,bfMh,2
paribrU,pari,brU,
pariBakz,pari,Bakz,
pariBarts,pari,Barts,
pariBAz,pari,BAz,1
pariBAs,pari,BAs,1
pariBuj,pari,Buj,1
pariBuj,pari,Buj,3
pariBU,pari,BU,1
pariBUz,pari,BUz,
pariBf,pari,Bf,1
pariBraMS,pari,BraMS,
pariBram,pari,Bram,
parimA,pari,mA,2
parimArg,pari,mArg,
parimi,pari,mi,1
parimuc,pari,muc,1
parimuz,pari,muz,1
parimuh,pari,muh,1
parimf,pari,mf,
parimfg,pari,mfg,
parimfj,pari,mfj,1
parimfd,pari,mfd,1
parimfS,pari,mfS,1
parimfz,pari,mfz,1
parimokz,pari,mokz,
parimlE,pari,mlE,
pariyaj,pari,yaj,1
pariyat,pari,yat,2
pariyam,pari,yam,
pariyA,pari,yA,1
parirakz,pari,rakz,1
pariraB,pari,raB,
pariram,pari,ram,
parirAj,pari,rAj,1
paririh,pari,rih,
pariruc,pari,ruc,1
pariruj,pari,ruj,1
parilaNG,pari,laNG,
parilaB,pari,laB,
parilamb,pari,lamb,1
parilaz,pari,laz,
pariliK,pari,liK,
parilip,pari,lip,
parilih,pari,lih,1
pariluW,pari,luW,2
parilup,pari,lup,1
pariluB,pari,luB,
parilok,pari,lok,
parivaYc,pari,vaYc,
parivad,pari,vad,
parivand,pari,vand,
parivap,pari,vap,1
parivap,pari,vap,2
parivas,pari,vas,4
parivas,pari,vas,5
parivas,pari,vas,3
parivah,pari,vah,1
parivAS,pari,vAS,
parivicar,pari-vi,car,
parivid,pari,vid,3
pariviDAv,pari-vi,DAv,1
pariviS,pari,viS,
pariviz,pari,viz,1
parivIj,pari,vIj,
parivf,pari,vf,1
parivf,pari,vf,2
parivfj,pari,vfj,1
parivft,pari,vft,1
parivfD,pari,vfD,
parivfz,pari,vfz,
parive,pari,ve,1
parivyaD,pari,vyaD,
parivye,pari,vye,
parivraj,pari,vraj,
parivraSc,pari,vraSc,
pariSaNk,pari,SaNk,
pariSap,pari,Sap,3
pariSiz,pari,Siz,1
pariSI,pari,SI,1
pariSIl,pari,SIl,1
pariSuc,pari,Suc,1
pariSuD,pari,SuD,
pariSuB,pari,SuB,1
pariSuz,pari,Suz,1
pariSri,pari,Sri,1
pariSru,pari,Sru,1
parizaYj,pari,saYj,1
parizad,pari,sad,2
parizah,pari,sah,1
parizic,pari,sic,1
pariziD,pari,siD,1
pariziv,pari,siv,
parizU,pari,sU,1
parizev,pari,sev,
parizo,pari,so,1
parizkand,pari,skand,
parizkf,pariz,kf,1
parizwamB,pari,stamB,
parizwu,pari,stu,1
parizwuB,pari,stuB,1
parizWA,pari,sTA,1
parizvaj,pari,svaj,
parizvan,pari,svan,1
parisaMkrIq,pari-sam,krIq,
parisaMkzip,pari-sam,kzip,1
parisaMKyA,pari-sam,KyA,
parisaMlih,pari-sam,lih,1
parisaMvad,pari-sam,vad,
parisaMspfS,pari-sam,spfS,1
parisamUh,pari-sam,Uh,1
parisame,pari-sam-A,i,5
parisf,pari,sf,
parisfp,pari,sfp,
parisKal,pari,sKal,
paristf,pari,stf,1
parispand,pari,spand,
parispfS,pari,spfS,1
parisPuw,pari,sPuw,
parisPur,pari,sPur,1
parisru,pari,sru,
parihan,pari,han,1
parihas,pari,has,1
parihA,pari,hA,3
parihi,pari,hi,1
parihiRq,pari,hiRq,
parihf,pari,hf,1
parI,pari,i,5
parIkz,pari,Ikz,
parIS,pari,IS,1
parIz,pari,iz,1
pare,parA,i,5
parekz,parA,Ikz,
paryaNK,pari,aNK,
paryaYc,pari,aYc,1
paryaw,pari,aw,
paryan,pari,an,2
paryanviz,pari-anu,iz,3
paryavakF,pari-ava,kF,1
paryavacCid,pari-ava,Cid,
paryavado,pari-ava,do,
paryavanud,pari-ava,nud,
paryavasfp,pari-ava,sfp,
paryavaso,pari-ava,so,1
paryavasTA,pari-ava,sTA,1
paryavAp,pari-ava-A,Ap,1
paryave,pari-ava-A,i,5
paryavekz,pari-ava,Ikz,
paryas,pari,as,1
paryas,pari,as,2
paryAkzip,pari-A,kzip,1
paryAgam,pari-A,gam,1
paryAgal,pari-A,gal,1
paryAcar,pari-A,car,
paryAtan,pari-A,tan,1
paryAdA,pari-A,dA,1
paryAdru,pari-A,dru,1
paryADA,pari-A,DA,1
paryAp,pari,Ap,1
paryApat,pari-A,pat,1
paryABf,pari-A,Bf,1
paryAmuc,pari-A,muc,1
paryAmfS,pari-A,mfS,1
paryAruh,pari-A,ruh,1
paryAvap,pari-A,vap,2
paryAvft,pari-A,vft,1
paryASvas,pari-A,Svas,1
paryAs,pari,As,2
paryAhf,pari-A,hf,1
paryAhve,pari-A,hve,
paryukz,pari,ukz,1
paryutTA,pari-ud,sTA,1
paryutsfj,pari-ud,sfj,1
paryudas,pari-ud,as,2
paryupalip,pari-upa,lip,
paryupaviS,pari-upa,viS,
paryupasTA,pari-upa,sTA,1
paryupahve,pari-upa,hve,
paryupAs,pari-upa-A,As,2
paryUrRu,pari,UrRu,
paryUh,pari,Uh,1
paryfz,pari,fz,1
paryfz,pari,fz,2
parye,pari-A,i,5
palyaNg,pari,aNg,
piDA,api,DA,1
pinah,api,nah,1
pinI,api,nI,2
puraskf,puras,kf,1
puroDA,puras,DA,1
prakaT,pra,kaT,
prakamp,pra,kamp,
prakal,pra,kal,2
prakANkz,pra,kANkz,
prakAS,pra,kAS,
prakASIkf,prakASI,kf,1
prakIrt,pra,kIrt,
prakup,pra,kup,1
prakUj,pra,kUj,
prakUrd,pra,kUrd,
prakf,pra,kf,1
prakft,pra,kft,2
prakfz,pra,kfz,1
prakF,pra,kF,1
prakxp,pra,kxp,
prakram,pra,kram,
prakrIq,pra,krIq,
prakruS,pra,kruS,
praklid,pra,klid,
prakvaR,pra,kvaR,
prakzar,pra,kzar,
prakzal,pra,kzal,2
prakzi,pra,kzi,1
prakzip,pra,kzip,1
prakzud,pra,kzud,1
prakzuB,pra,kzuB,1
prakzE,pra,kzE,
prakzRu,pra,kzRu,
praKAd,pra,KAd,
praKud,pra,Kud,
praKyA,pra,KyA,
pragaR,pra,gaR,
pragam,pra,gam,1
pragarj,pra,garj,
pragalB,pra,galB,
pragA,pra,gA,1
pragAh,pra,gAh,
pragF,pra,gF,1
pragE,pra,gE,
pragraT,pra,graT,1
pragras,pra,gras,1
pragrah,pra,grah,
praglE,pra,glE,
praGaw,pra,Gaw,
praGAtaya,pra,GAtaya,
praGf,pra,Gf,1
praGfz,pra,Gfz,2
pracakz,pra,cakz,
pracat,pra,cat,
pracar,pra,car,
pracal,pra,cal,
praci,pra,ci,1
pracit,pra,cit,4
pracint,pra,cint,
pracud,pra,cud,
pracUrR,pra,cUrR,
pracft,pra,cft,
pracCad,pra,Cad,1
pracCid,pra,Cid,
pracCfd,pra,Cfd,
pracCo,pra,Co,
pracyu,pra,cyu,1
prajan,pra,jan,
prajap,pra,jap,
prajalp,pra,jalp,
prajAgf,pra,jAgf,
praji,pra,ji,1
prajinv,pra,jinv,
prajU,pra,jU,1
prajfmB,pra,jfmB,
prajF,pra,jF,1
prajYA,pra,jYA,1
prajval,pra,jval,
praRigad,pra-ni,gad,
praRijYA,pra-ni,jYA,1
praRiDA,pra-ni,DA,1
praRipat,pra-ni,pat,1
praRihan,pra-ni,han,1
pratakz,pra,takz,1
prataq,pra,taq,
pratan,pra,tan,1
pratap,pra,tap,1
pratam,pra,tam,
pratark,pra,tark,
pratikANkz,prati,kANkz,
pratikUj,prati,kUj,
pratikf,prati,kf,1
pratikF,prati,kF,1
pratikxp,prati,kxp,
pratikram,prati,kram,
pratikruD,prati,kruD,1
pratikzip,prati,kzip,1
pratiKyA,prati,KyA,
pratigad,prati,gad,
pratigam,prati,gam,1
pratigarj,prati,garj,
pratigAh,prati,gAh,
pratigfD,prati,gfD,
pratigF,prati,gF,1
pratigrah,prati,grah,
praticakz,prati,cakz,
praticar,prati,car,
praticint,prati,cint,
praticCad,prati,Cad,1
praticCid,prati,Cid,
pratijan,prati,jan,
pratijap,prati,jap,
pratijalp,prati,jalp,
pratijAgf,prati,jAgf,
pratiji,prati,ji,1
pratijuz,prati,juz,1
pratijf,prati,jf,1
pratijYA,prati,jYA,1
pratijval,prati,jval,
pratitaq,prati,taq,
pratitap,prati,tap,1
pratidah,prati,dah,1
pratidA,prati,dA,1
pratidiv,prati,div,2
pratiduh,prati,duh,1
pratiDA,prati,DA,1
pratiDAv,prati,DAv,1
pratiDf,prati,Df,
pratinad,prati,nad,
pratinand,prati,nand,
pratinard,prati,nard,
pratiniHsfj,prati-nis,sfj,1
pratinikzip,prati-ni,kzip,1
pratinigad,prati-ni,gad,
pratinigrah,prati-ni,grah,
pratiniDA,prati-ni,DA,1
pratinind,prati,nind,
pratiniryA,prati-nis,yA,1
pratinirvap,prati-nis,vap,1
pratinivft,prati-ni,vft,1
pratinizpU,prati-nis,pU,1
pratinistF,prati-nis,tF,
pratinI,prati,nI,2
pratinu,prati,nu,3
pratinud,prati,nud,
pratinft,prati,nft,1
pratinyAgam,prati-ni-A,gam,1
pratipat,prati,pat,1
pratipad,prati,pad,1
pratiparAhf,prati-parA,hf,1
pratiparI,prati-pari,i,5
pratipare,prati-parA,i,5
pratiparyAvft,prati-pari-A,vft,1
pratiparyAhf,prati-pari-A,hf,1
pratipaS,prati,paS,3
pratipAl,prati,pAl,
pratipiz,prati,piz,
pratipIq,prati,pIq,
pratipIy,prati,pIy,
pratipUj,prati,pUj,
pratipF,prati,pF,
pratipragrah,prati-pra,grah,
pratipraC,prati,praC,
pratiprajYA,prati-pra,jYA,1
pratipradA,prati-pra,dA,1
pratiprabrU,prati-pra,brU,
pratipramuc,prati-pra,muc,1
pratiprayam,prati-pra,yam,
pratiprayA,prati-pra,yA,1
pratiprayuj,prati-pra,yuj,1
pratipraviS,prati-pra,viS,
pratiprasU,prati-pra,sU,1
pratiprasfp,prati-pra,sfp,
pratiprahi,prati-pra,hi,1
pratiprAyA,prati-prA,yA,1
pratiprAs,prati-prA,as,1
pratiPal,prati,Pal,
pratibanD,prati,banD,
pratibAD,prati,bAD,
pratibuD,prati,buD,
pratibrU,prati,brU,
pratiBakz,prati,Bakz,
pratiBaj,prati,Baj,
pratiBaYj,prati,BaYj,1
pratiBaR,prati,BaR,
pratiBA,prati,BA,1
pratiBAz,prati,BAz,1
pratiBAs,prati,BAs,1
pratiBid,prati,Bid,1
pratiBuj,prati,Buj,1
pratiBU,prati,BU,1
pratiBUz,prati,BUz,
pratiBf,prati,Bf,1
pratiman,prati,man,
pratimantr,prati,mantr,
pratimA,prati,mA,2
pratimih,prati,mih,1
pratimIv,prati,mIv,1
pratimuc,prati,muc,1
pratimud,prati,mud,1
pratiyaj,prati,yaj,1
pratiyat,prati,yat,2
pratiyam,prati,yam,
pratiyA,prati,yA,1
pratiyu,prati,yu,1
pratiyuj,prati,yuj,1
pratiyuD,prati,yuD,1
pratirakz,prati,rakz,1
pratirap,prati,rap,
pratiram,prati,ram,
pratiras,prati,ras,1
pratirAj,prati,rAj,1
pratirih,prati,rih,
pratiru,prati,ru,1
pratiruc,prati,ruc,1
pratiruD,prati,ruD,1
pratiruh,prati,ruh,1
pratil,pra,til,1
pratilaB,prati,laB,
pratiliK,prati,liK,
prativac,prati,vac,
prativad,prati,vad,
prativap,prati,vap,1
prativas,prati,vas,2
prativas,prati,vas,2
prativah,prati,vah,1
prativAS,prati,vAS,
prativijYA,prati-vi,jYA,1
prativid,prati,vid,1
prativid,prati,vid,1
prativiDA,prati-vi,DA,1
prativinud,prati-vi,nud,
prativiparI,prati-vi-pari,i,5
prativibuD,prati-vi,buD,
prativiram,prati-vi,ram,
prativisfj,prati-vi,sfj,1
prativihA,prati-vi,hA,2
prativI,prati,vI,1
prativIkz,prati-vi,Ikz,
prativf,prati,vf,1
prativfj,prati,vfj,1
prativft,prati,vft,1
prativfz,prati,vfz,
prativezw,prati,vezw,
prativyaD,prati,vyaD,
prativraj,prati,vraj,
pratiSaMs,prati,SaMs,
pratiSaNk,prati,SaNk,
pratiSap,prati,Sap,3
pratiSuc,prati,Suc,1
pratiSuz,prati,Suz,1
pratiSF,prati,SF,
pratiSru,prati,Sru,1
pratizaYj,prati,saYj,1
pratizic,prati,sic,1
pratiziD,prati,siD,1
pratiziv,prati,siv,
pratizkaB,prati,skaB,
pratizku,prati,sku,
pratizwuB,prati,stuB,1
pratizWA,prati,sTA,1
pratizWiv,prati,zWiv,
pratizvad,prati,svad,
pratisaMkram,prati-sam,kram,
pratisaMgrah,prati-sam,grah,
pratisaMcar,prati-sam,car,
pratisaMjYA,prati-sam,jYA,1
pratisaMdiS,prati-sam,diS,1
pratisaMDA,prati-sam,DA,1
pratisaMyat,prati-sam,yat,2
pratisaMraB,prati-sam,raB,
pratisaMvad,prati-sam,vad,
pratisaMvid,prati-sam,vid,1
pratisaMvezw,prati-sam,vezw,
pratisaMSri,prati-sam,Sri,1
pratisaMsfj,prati-sam,sfj,1
pratisaMsmf,prati-sam,smf,2
pratisaMhf,prati-sam,hf,1
pratisaMhfz,prati-sam,hfz,
pratisac,prati,sac,1
pratisad,prati,sad,2
pratisamas,prati-sam,as,1
pratisamAdiS,prati-sam-A,diS,1
pratisamADA,prati-sam-A,DA,1
pratisamAs,prati-sam,As,2
pratisaminD,prati-sam,inD,
pratisamIkz,prati-sam,Ikz,
pratisamBU,prati-sam,BU,1
pratisah,prati,sah,1
pratisf,prati,sf,
pratisfj,prati,sfj,1
pratisfp,prati,sfp,
pratisev,prati,sev,
pratiskF,prati-s,kF,1
pratistamB,prati,stamB,
pratisparD,prati,sparD,
pratisPur,prati,sPur,1
pratismf,prati,smf,2
pratisvan,prati,svan,1
pratihan,prati,han,1
pratihary,prati,hary,
pratihA,prati,hA,2
pratihu,prati,hu,1
pratihf,prati,hf,1
pratihfz,prati,hfz,
pratihez,prati,hez,1
pratihve,prati,hve,
pratI,prati,i,5
pratIkz,prati,Ikz,
pratIq,prati,Iq,1
pratInv,prati,inv,
pratIr,prati,Ir,
pratIz,prati,iz,1
pratud,pra,tud,1
pratuz,pra,tuz,
pratF,pra,tF,
pratyakzavizayIBU,pratyakzavizayI,BU,1
pratyaYj,prati,aYj,
pratyad,prati,ad,1
pratyaDiSri,prati-aDi,Sri,1
pratyaDI,prati-aDi,i,5
pratyanujYA,prati-anu,jYA,1
pratyanunI,prati-anu,nI,2
pratyanuBU,prati-anu,BU,1
pratyanuyAc,prati-anu,yAc,
pratyanusmf,prati-anu,smf,2
pratyapayA,prati-apa,yA,1
pratyapavah,prati-apa,vah,1
pratyaporRu,prati-apa-A,UrRu,
pratyaBicar,prati-aBi,car,
pratyaBijYA,prati-aBi,jYA,1
pratyaBiDA,prati-aBi,DA,1
pratyaBiDAv,prati-aBi,DAv,1
pratyaBinand,prati-aBi,nand,
pratyaBiprasTA,prati-aBipra,sTA,1
pratyaBimiT,prati-aBi,miT,
pratyaBimfS,prati-aBi,mfS,1
pratyaBiyA,prati-aBi,yA,1
pratyaBiyuj,prati-aBi,yuj,1
pratyaBivad,prati-aBi,vad,
pratyarc,prati,arc,1
pratyarT,prati,arT,
pratyavagam,prati-ava,gam,1
pratyavagrah,prati-ava,grah,
pratyavatF,prati-ava,tF,
pratyavado,prati-ava,do,
pratyavaDA,prati-ava,DA,1
pratyavaBAz,prati-ava,BAz,1
pratyavaBuj,prati-ava,Buj,1
pratyavamfS,prati-ava,mfS,1
pratyavamfz,prati-ava,mfz,1
pratyavaruh,prati-ava,ruh,1
pratyavasad,prati-ava,sad,2
pratyavasfj,prati-ava,sfj,1
pratyavasfp,prati-ava,sfp,
pratyavaso,prati-ava,so,1
pratyavasTA,prati-ava,sTA,1
pratyavahan,prati-ava,han,1
pratyavAp,prati-ava-A,Ap,1
pratyave,prati-ava-A,i,5
pratyavekz,prati-ava,Ikz,
pratyas,prati,as,1
pratyas,prati,as,2
pratyAkANkz,prati-A,kANkz,
pratyAkfz,prati-A,kfz,1
pratyAkram,prati-A,kram,
pratyAkruS,prati-A,kruS,
pratyAKyA,prati-A,KyA,
pratyAgam,prati-A,gam,1
pratyAgF,prati-A,gF,1
pratyAcakz,prati-A,cakz,
pratyAjan,prati-A,jan,
pratyAtan,prati-A,tan,1
pratyAdA,prati-A,dA,1
pratyAdiS,prati-A,diS,1
pratyAdf,prati-A,df,
pratyAdru,prati-A,dru,1
pratyAnah,prati-A,nah,1
pratyAnI,prati-A,nI,2
pratyAbrU,prati-A,brU,
pratyABU,prati-A,BU,1
pratyAyA,prati-A,yA,1
pratyAlaB,prati-A,laB,
pratyAliNg,prati-A,liNg,
pratyAlI,prati-A,lI,1
pratyAvap,prati-A,vap,2
pratyAvft,prati-A,vft,1
pratyAvraj,prati-A,vraj,
pratyASaMs,prati-A,SaMs,
pratyASI,prati-A,SI,1
pratyASvas,prati-A,Svas,1
pratyAs,prati,As,2
pratyAsad,prati-A,sad,2
pratyAsev,prati-A,sev,
pratyAsTA,prati-A,sTA,1
pratyAhan,prati-A,han,1
pratyAhf,prati-A,hf,1
pratyAhve,prati-A,hve,
pratyukz,prati,ukz,1
pratyuccar,prati-ud,car,
pratyucCri,prati-ud,Sri,1
pratyujjIv,prati-ud,jIv,
pratyuttamB,prati-ud,stamB,
pratyutTA,prati-ud,sTA,1
pratyutpA,prati-ud,pA,5
pratyutsad,prati-ud,sad,2
pratyudAvraj,prati-ud-A,vraj,
pratyudAhf,prati-ud-A,hf,1
pratyudi,prati-ud,i,5
pratyudIkz,prati-ud,Ikz,
pratyudgam,prati-ud,gam,1
pratyudgrah,prati-ud,grah,
pratyuddIp,prati-ud,dIp,
pratyudyam,prati-ud,yam,
pratyudyA,prati-ud,yA,1
pratyudvraj,prati-ud,vraj,
pratyunmiz,prati-ud,miz,1
pratyupakf,prati-upa,kf,1
pratyupakram,prati-upa,kram,
pratyupagam,prati-upa,gam,1
pratyupadiS,prati-upa,diS,1
pratyupadru,prati-upa,dru,1
pratyupaDA,prati-upa,DA,1
pratyupaBuj,prati-upa,Buj,1
pratyupayA,prati-upa,yA,1
pratyupaviS,prati-upa,viS,
pratyupavraj,prati-upa,vraj,
pratyupasf,prati-upa,sf,
pratyupasTA,prati-upa,sTA,1
pratyupaspfS,prati-upa,spfS,1
pratyupahve,prati-upa,hve,
pratyupADA,prati-upa-A,DA,1
pratyupAhf,prati-upa-A,hf,1
pratyupe,prati-upa-A,i,5
pratyuz,prati,uz,1
pratyUh,prati,Uh,1
pratye,prati-A,i,5
pratyez,prati-A,Iz,1
pratras,pra,tras,1
pratvakz,pra,tvakz,
pratvar,pra,tvar,
pradakziRIkf,pradakziRI,kf,1
pradas,pra,das,
pradah,pra,dah,1
pradA,pra,dA,1
pradiS,pra,diS,1
pradih,pra,dih,1
pradIp,pra,dIp,
pradu,pra,du,2
praduz,pra,duz,2
pradF,pra,dF,
pradyut,pra,dyut,2
pradru,pra,dru,1
pradrek,pra,drek,
pradviz,pra,dviz,2
praDA,pra,DA,1
praDAv,pra,DAv,1
praDAv,pra,DAv,2
praDU,pra,DU,1
praDf,pra,Df,
praDfz,pra,Dfz,
praDmA,pra,DmA,
praDyE,pra,DyE,
praDraj,pra,Draj,
praDvaMs,pra,DvaMs,
praDvan,pra,Dvan,2
pranakz,pra,nakz,
pranaB,pra,naB,1
pranard,pra,nard,
praniBid,pra-ni,Bid,1
pranirakz,pra-ni,rakz,1
pranft,pra,nft,1
prapac,pra,pac,2
prapaW,pra,paW,
prapat,pra,pat,1
prapad,pra,pad,2
prapaS,pra,paS,3
prapA,pra,pA,1
prapA,pra,pA,3
prapinv,pra,pinv,
prapiz,pra,piz,
prapIq,pra,pIq,
prapuz,pra,puz,1
prapUj,pra,pUj,
prapfc,pra,pfc,1
prapF,pra,pF,
prapyE,pra,pyE,
praprajan,pra-pra,jan,
praprapF,pra-pra,pF,
praprarz,pra-pra,fz,1
prapravI,pra-pra,vI,1
praprasTA,pra-pra,sTA,1
praprAs,pra-prA,as,1
prapruT,pra,pruT,
prapre,pra-prA,i,5
praplu,pra,plu,
prabanD,pra,banD,
prabalIBU,prabalI,BU,1
prabAD,pra,bAD,
prabuD,pra,buD,
prabrU,pra,brU,
praBaj,pra,Baj,
praBaYj,pra,BaYj,1
praBA,pra,BA,1
praBAz,pra,BAz,1
praBAs,pra,BAs,1
praBid,pra,Bid,1
praBU,pra,BU,1
praBUz,pra,BUz,
praBf,pra,Bf,1
praBraMS,pra,BraMS,
praBram,pra,Bram,
praBrAj,pra,BrAj,1
pramajj,pra,majj,
pramaT,pra,maT,1
pramad,pra,mad,2
praman,pra,man,
pramand,pra,mand,1
pramA,pra,mA,2
prami,pra,mi,1
pramid,pra,mid,1
pramih,pra,mih,1
pramI,pra,mI,1
pramIl,pra,mIl,
pramIv,pra,mIv,1
pramuc,pra,muc,1
pramud,pra,mud,1
pramurC,pra,murC,
pramuz,pra,muz,1
pramuh,pra,muh,1
pramf,pra,mf,
pramfj,pra,mfj,1
pramfR,pra,mfR,
pramfd,pra,mfd,1
pramfS,pra,mfS,1
pramF,pra,mF,
pramlAnIBU,pramlAnI,BU,1
pramluc,pra,mluc,
pramlE,pra,mlE,
prayakz,pra,yakz,
prayaj,pra,yaj,1
prayat,pra,yat,2
prayaB,pra,yaB,
prayam,pra,yam,
prayas,pra,yas,
prayA,pra,yA,1
prayAc,pra,yAc,
prayu,pra,yu,2
prayuC,pra,yuC,
prayuj,pra,yuj,1
prayuD,pra,yuD,1
prarakz,pra,rakz,1
prarad,pra,rad,
prarap,pra,rap,
praram,pra,ram,
praric,pra,ric,
prarI,pra,rI,1
praru,pra,ru,1
praruc,pra,ruc,1
praruj,pra,ruj,1
prarud,pra,rud,1
praruD,pra,ruD,1
praruh,pra,ruh,1
prarUp,pra,rUp,
prarej,pra,rej,1
pralap,pra,lap,1
pralaB,pra,laB,
pralamb,pra,lamb,1
praliK,pra,liK,
pralip,pra,lip,
pralih,pra,lih,1
pralI,pra,lI,1
praluW,pra,luW,1
pralup,pra,lup,1
praluB,pra,luB,
pralU,pra,lU,1
pravac,pra,vac,
pravad,pra,vad,
pravan,pra,van,1
pravap,pra,vap,1
pravap,pra,vap,2
pravarR,pra,varR,
pravalg,pra,valg,
pravalh,pra,valh,
pravas,pra,vas,4
pravas,pra,vas,5
pravah,pra,vah,1
pravA,pra,vA,2
pravAS,pra,vAS,
pravAh,pra,vAh,1
pravikas,pra-vi,kas,1
pravikF,pra-vi,kF,1
pravigal,pra-vi,gal,1
pravigAh,pra-vi,gAh,
praviGaw,pra-vi,Gaw,
pravicakz,pra-vi,cakz,
pravicar,pra-vi,car,
pravical,pra-vi,cal,
pravici,pra-vi,ci,2
pravicint,pra-vi,cint,
pravicezw,pra-vi,cezw,
pravij,pra,vij,1
pravijfmB,pra-vi,jfmB,
pravijYA,pra-vi,jYA,1
pravid,pra,vid,1
pravid,pra,vid,3
praviduh,pra-vi,duh,1
praviDA,pra-vi,DA,1
pravinaS,pra-vi,naS,2
praviBaj,pra-vi,Baj,
praviBuj,pra-vi,Buj,1
pravimuc,pra-vi,muc,1
pravilaB,pra-vi,laB,
pravilamb,pra-vi,lamb,1
pravilas,pra-vi,las,1
pravilI,pra-vi,lI,1
pravilok,pra-vi,lok,
praviS,pra,viS,
praviSiz,pra-vi,Siz,1
pravistf,pra-vi,stf,1
pravihA,pra-vi,hA,3
pravI,pra,vI,1
pravf,pra,vf,1
pravf,pra,vf,2
pravfj,pra,vfj,1
pravft,pra,vft,1
pravfD,pra,vfD,
pravfz,pra,vfz,
pravfh,pra,vfh,1
prave,pra,ve,1
pravyaT,pra,vyaT,
pravyaD,pra,vyaD,
pravyas,pra-vi,as,2
pravyAhf,pra-vi-A,hf,1
pravraj,pra,vraj,
pravraSc,pra,vraSc,
pravlI,pra,vlI,
praSaMs,pra,SaMs,
praSak,pra,Sak,
praSam,pra,Sam,1
praSAs,pra,SAs,1
praSI,pra,SI,1
praSuc,pra,Suc,1
praSuB,pra,SuB,1
praSuz,pra,Suz,1
praSF,pra,SF,
praScut,pra,Scut,1
praSri,pra,Sri,1
praSru,pra,Sru,1
praSvas,pra,Svas,1
prazWiv,pra,zWiv,
prasaMKyA,pra-sam,KyA,
prasaMcakz,pra-sam,cakz,
prasaMDA,pra-sam,DA,1
prasac,pra,sac,1
prasaYj,pra,saYj,1
prasad,pra,sad,2
prasan,pra,san,1
prasamIkz,pra-sam,Ikz,
prasah,pra,sah,1
prasi,pra,si,1
prasic,pra,sic,1
prasiD,pra,siD,2
prasiD,pra,siD,3
prasiv,pra,siv,
prasU,pra,sU,1
prasU,pra,sU,2
prasUc,pra,sUc,
prasf,pra,sf,
prasfj,pra,sfj,1
prasfp,pra,sfp,
praskand,pra,skand,
prasKal,pra,sKal,
prastu,pra,stu,1
prastuB,pra,stuB,1
prastump,pra-s,tump,
prastf,pra,stf,1
prasTA,pra,sTA,1
prasnA,pra,snA,1
prasnu,pra,snu,1
praspand,pra,spand,
prasparD,pra,sparD,
prasPuw,pra,sPuw,
prasPur,pra,sPur,1
prasmi,pra,smi,
prasmf,pra,smf,2
prasyand,pra,syand,
prasraMs,pra,sraMs,1
prasru,pra,sru,
prasvap,pra,svap,1
prasvid,pra,svid,2
prasvf,pra,svf,
prahan,pra,han,1
prahas,pra,has,1
prahA,pra,hA,2
prahA,pra,hA,3
prahi,pra,hi,1
prahu,pra,hu,1
prahf,pra,hf,1
prahfz,pra,hfz,
prahlAd,pra,hlAd,
prahval,pra,hval,
prahve,pra,hve,
prAkf,prA,kf,1
prAd,prA,ad,1
prAdA,prA,dA,1
prAdru,prA,dru,1
prADI,pra-ADI,i,5
prAn,prA,an,2
prAp,prA,Ap,1
prAyA,prA,yA,1
prAyuD,prA,yuD,1
prAr,pra,f,4
prAraB,prA,raB,
prAruh,prA,ruh,1
prArc,prA,arc,1
prArC,pra,fC,
prArj,pra,fj,
prArYj,pra,fYj,1
prArT,prA,arT,
prArd,prA,ard,
prArD,pra,fD,
prArz,pra,fz,1
prArh,prA,arh,
prAv,prA,av,
prAvanij,pra-ava,nij,
prAvaso,pra-ava,so,1
prAviS,prA,viS,
prAvf,prA,vf,1
prASvas,prA,Svas,1
prAs,prA,as,1
prAs,prA,as,1
prAh,prA,ah,2
priyAkf,priyA,kf,1
priyAmuKIBU,priyAmuKI,BU,1
pre,prA,i,5
prekz,pra,Ikz,
preNK,pra,INK,
preq,pra,Iq,1
prenv,prA,inv,
premarASIBU,premarASI,BU,1
prer,pra,Ir,
prez,prA,iz,1
prED,pra,eD,
prokz,prA,ukz,1
proccar,pra-ud,car,
proccal,pra-ud,cal,
procCal,pra-ud,Sal,1
procCvas,pra-ud,Svas,1
projjval,pra-ud,jval,
projJ,pra,ujJ,
proYC,pra,uYC,
proqqI,pra-ud,qI,
protkUj,pra-ud,kUj,
protKan,pra-ud,Kan,
protKE,pra-ud,KE,
prottF,pra-ud,tF,
protTA,pra-ud,sTA,1
protpat,pra-ud,pat,1
protpad,pra-ud,pad,1
protsad,pra-ud,sad,2
protsah,pra-ud,sah,1
protsf,pra-ud,sf,
protsfj,pra-ud,sfj,1
protsfp,pra-ud,sfp,
prodi,pra-ud,i,5
prodDA,pra-ud,hA,2
prodDf,pra-ud,hf,1
prodyam,pra-ud,yam,
prodvah,pra-ud,vah,1
prodvij,pra-ud,vij,1
pronnad,pra-ud,nad,
pronnam,pra-ud,nam,
pronnI,pra-ud,nI,2
pronmaT,pra-ud,maT,1
pronmad,pra-ud,mad,2
pronmIl,pra-ud,mIl,
proB,pra,uB,
prorRu,prA,UrRu,
prollaNG,pra-ud,laNG,
prollas,pra-ud,las,1
prolliK,pra-ud,liK,
proh,prA,Uh,1
prOQIBU,prOQI,BU,1
PalIkf,PalI,kf,1
PalIBU,PalI,BU,1
Putkf,Put,kf,1
baDirIkf,baDirI,kf,1
bahalIBU,bahalI,BU,1
bahulIBU,bahulI,BU,1
bIjAkf,bIjA,kf,1
brAhmaRIBU,brAhmaRI,BU,1
BadrAkf,BadrA,kf,1
BasmAkf,BasmA,kf,1
BasmIkf,BasmI,kf,1
BasmIBU,BasmI,BU,1
BAgIkf,BAgI,kf,1
BAvayatIBU,BAvayatI,BU,1
BImaBavIBU,BImaBavI,BU,1
BftyIBU,BftyI,BU,1
BfSIBU,BfSI,BU,1
maYjarIkf,maYjarI,kf,1
matIkf,matI,kf,1
madBU,mad,BU,1
madrAkf,madrA,kf,1
manIkf,manI,kf,1
manujIkf,manujI,kf,1
mantravaSIkf,mantravaSI,kf,1
mandIkf,mandI,kf,1
mandIBU,mandI,BU,1
mayUrIBU,mayUrI,BU,1
marUBU,marU,BU,1
martyIBU,martyI,BU,1
maryAdIkf,maryAdI,kf,1
malinIkf,malinI,kf,1
malinIBU,malinI,BU,1
mazmazAkf,mazmazA,kf,1
mahIkf,mahI,kf,1
mAYjizWIkf,mAYjizWI,kf,1
mAtrIkf,mAtrI,kf,1
mAnuzIBU,mAnuzI,BU,1
mArdavIkf,mArdavI,kf,1
mAsIkf,mAsI,kf,1
mitrIkf,mitrI,kf,1
mitrIBU,mitrI,BU,1
miTunIkf,miTunI,kf,1
miTunIBU,miTunI,BU,1
miSrIkf,miSrI,kf,1
miSrIBU,miSrI,BU,1
mukulIkf,mukulI,kf,1
muKarIkf,muKarI,kf,1
muYjIkf,muYjI,kf,1
muzwIkf,muzwI,kf,1
musalIBU,musalI,BU,1
mUkIkf,mUkI,kf,1
mUrKIBU,mUrKI,BU,1
mUlIkf,mUlI,kf,1
mfdUas,mfdU,as,1
mfdUBU,mfdU,BU,1
meKalIkf,meKalI,kf,1
moGIkf,moGI,kf,1
yAnIkf,yAnI,kf,1
yUTIkf,yUTI,kf,1
yUpIkf,yUpI,kf,1
rajIkf,rajI,kf,1
rajjUkf,rajjU,kf,1
rahIkf,rahI,kf,1
rahIBU,rahI,BU,1
rAjamArgIkf,rAjamArgI,kf,1
rASIkf,rASI,kf,1
rASIBU,rASI,BU,1
riktIkf,riktI,kf,1
rUpIkf,rUpI,kf,1
rEkf,rE,kf,1
lakzIkf,lakzI,kf,1
lakzIBU,lakzI,BU,1
lakzyIkf,lakzyI,kf,1
lakzyIBU,lakzyI,BU,1
laGUkf,laGU,kf,1
liptIkf,liptI,kf,1
lohitIBU,lohitI,BU,1
vakrIkf,vakrI,kf,1
vakrIBU,vakrI,BU,1
vajrasArIkf,vajrasArI,kf,1
varaDarmIkf,varaDarmI,kf,1
varRIBU,varRI,BU,1
vartIkf,vartI,kf,1
valayIkf,valayI,kf,1
valayIBU,valayI,BU,1
vaSIkf,vaSI,kf,1
vaSIBU,vaSI,BU,1
vahanIkf,vahanI,kf,1
vahnisAtkf,vahnisAt,kf,1
vAjIkf,vAjI,kf,1
vAntIkf,vAntI,kf,1
vAmIkf,vAmI,kf,1
vAlavyajanIBU,vAlavyajanI,BU,1
vAhanIkf,vAhanI,kf,1
vAhanIBU,vAhanI,BU,1
vikacIkf,vikacI,kf,1
vikawIkf,vikawI,kf,1
vikatT,vi,katT,
vikamp,vi,kamp,
vikalIkf,vikalI,kf,1
vikas,vi,kas,1
vikANkz,vi,kANkz,
vikAS,vi,kAS,
vikUj,vi,kUj,
vikf,vi,kf,1
vikft,vi,kft,2
vikfz,vi,kfz,1
vikF,vi,kF,1
vikxp,vi,kxp,
vikram,vi,kram,
vikrI,vi,krI,1
vikrIq,vi,krIq,
vikruS,vi,kruS,
viklav,vi,klav,
viklavIkf,viklavI,kf,1
viklavIBU,viklavI,BU,1
vikzar,vi,kzar,
vikzi,vi,kzi,4
vikzip,vi,kzip,1
vikzuD,vi,kzuD,1
vikzuB,vi,kzuB,1
viKan,vi,Kan,
viKid,vi,Kid,
viKyA,vi,KyA,
vigaR,vi,gaR,
vigam,vi,gam,1
vigarj,vi,garj,
vigarh,vi,garh,
vigal,vi,gal,1
vigAh,vi,gAh,
viguRIkf,viguRI,kf,1
vigE,vi,gE,
vigraT,vi,graT,1
vigrah,vi,grah,
viGaw,vi,Gaw,
viGaww,vi,Gaww,
viGUrR,vi,GUrR,
viGrA,vi,GrA,
vicakz,vi,cakz,
vicaw,vi,caw,
vicar,vi,car,
vical,vi,cal,
vici,vi,ci,1
vici,vi,ci,2
vicit,vi,cit,4
vicint,vi,cint,
vicumb,vi,cumb,2
vicUrR,vi,cUrR,
vicUrRIBU,vicUrRI,BU,1
vicft,vi,cft,
vicezw,vi,cezw,
vicCad,vi,Cad,1
vicCad,vi,Cad,1
vicCAyIkf,vicCAyI,kf,1
vicCid,vi,Cid,
vicCo,vi,Co,
vijan,vi,jan,
viji,vi,ji,1
vijIv,vi,jIv,
vijfmB,vi,jfmB,
vijYA,vi,jYA,1
viqamb,vi,qamb,
vitakz,vi,takz,1
vitaq,vi,taq,
vitatIkf,vitatI,kf,1
vitaTIkf,vitaTI,kf,1
vitan,vi,tan,1
vitap,vi,tap,1
vitark,vi,tark,
vitAnIkf,vitAnI,kf,1
vitAnIBU,vitAnI,BU,1
vitud,vi,tud,1
vituzIkf,vituzI,kf,1
vitfd,vi,tfd,
vitfp,vi,tfp,1
vitfz,vi,tfz,1
vitF,vi,tF,
vitras,vi,tras,1
vidaMS,vi,daMS,1
viday,vi,day,
vidal,vi,dal,
vidas,vi,das,
vidah,vi,dah,1
vidA,vi,dA,1
vidA,vi,dA,1
vidAS,vi,dAS,1
vidiv,vi,div,1
vidIp,vi,dIp,
vidu,vi,du,1
viduz,vi,duz,2
viduh,vi,duh,1
vidUrIBU,vidUrI,BU,1
vidF,vi,dF,
vidyut,vi,dyut,2
vidru,vi,dru,1
vidruh,vi,druh,1
vidrE,vi,drE,
vidviz,vi,dviz,2
viDanIkf,viDanI,kf,1
viDam,vi,Dam,
viDA,vi,DA,1
viDAv,vi,DAv,1
viDU,vi,DU,1
viDf,vi,Df,
viDmA,vi,DmA,
viDvaMs,vi,DvaMs,
vinad,vi,nad,
vinand,vi,nand,
vinam,vi,nam,
vinard,vi,nard,
vinaS,vi,naS,1
vinaS,vi,naS,1
viniHSvas,vi-nis,Svas,1
viniHsf,vi-nis,sf,
vinikf,vi-ni,kf,1
vinikft,vi-ni,kft,2
vinikz,vi,nikz,
vinikzip,vi-ni,kzip,1
vinigad,vi-ni,gad,
viniguh,vi-ni,guh,1
viniDA,vi-ni,DA,1
viniDf,vi-ni,Df,
viniDvaMs,vi-ni,DvaMs,
vinind,vi,nind,
vinipat,vi-ni,pat,1
viniyam,vi-ni,yam,
viniyuj,vi-ni,yuj,1
vinirgam,vi-nis,gam,1
vinirji,vi-nis,ji,1
vinirdah,vi-nis,dah,1
vinirdiS,vi-nis,diS,1
vinirmuc,vi-nis,muc,1
viniryA,vi-nis,yA,1
vinirliK,vi-nis,liK,
vinirvam,vi-nis,vam,
vinirhf,vi-nis,hf,1
vinivft,vi-ni,vft,1
viniScar,vi-nis,car,
viniSvas,vi-ni,Svas,1
vinizad,vi-ni,sad,2
vinizkram,vi-nis,kram,
vinizwan,vi-ni,stan,
vinizWiv,vi-ni,zWiv,
vinizpaw,vi-nis,paw,
vinizpat,vi-nis,pat,1
vinizpiz,vi-nis,piz,
vinizpIq,vi-nis,pIq,
vinihan,vi-ni,han,1
vinihnu,vi-ni,hnu,
vinI,vi,nI,2
vinu,vi,nu,3
vinud,vi,nud,
vinft,vi,nft,1
vinyas,vi-ni,as,1
vipakzIkf,vipakzI,kf,1
vipac,vi,pac,1
vipaw,vi,paw,
vipaW,vi,paW,
vipaR,vi,paR,
vipat,vi,pat,1
vipad,vi,pad,1
viparikram,vi-pari,kram,
viparigA,vi-pari,gA,1
viparidru,vi-pari,dru,1
vipariDA,vi-pari,DA,1
vipariDAv,vi-pari,DAv,1
viparipat,vi-pari,pat,1
viparivft,vi-pari,vft,1
viparihf,vi-pari,hf,1
viparI,vi-pari,i,5
vipare,vi-parA,i,5
viparyas,vi-pari,as,1
viparyAvft,vi-pari-A,vft,1
viparyUh,vi-pari,Uh,1
vipaS,vi,paS,3
vipA,vi,pA,1
vipiS,vi,piS,1
vipulIkf,vipulI,kf,1
vipU,vi,pU,1
vipfc,vi,pfc,1
vipfzWIBU,vipfzWI,BU,1
viprakf,vipra,kf,1
viprakfz,vipra,kfz,1
vipraC,vi,praC,
vipratikf,vi-prati,kf,1
vipratipad,vi-prati,pad,1
vipratiBA,vi-prati,BA,1
vipraT,vi,praT,1
vipraduh,vipra,duh,1
vipradru,vipra,dru,1
vipraDAv,vipra,DAv,1
vipramuc,vipra,muc,1
viprayuj,vipra,yuj,1
vipralap,vipra,lap,1
vipralaB,vipra,laB,
vipralup,vipra,lup,1
vipraluB,vipra,luB,
vipravad,vipra,vad,
vipravas,vipra,vas,2
vipravraj,vipra,vraj,
viprasAtkf,viprasAt,kf,1
viprasf,vipra,sf,
viprasfp,vipra,sfp,
viprasTA,vipra,sTA,1
viprahA,vipra,hA,2
vipru,vi,pru,
vipre,vipra,i,5
viprekz,vipra,Ikz,
viplu,vi,plu,
viPalIkf,viPalI,kf,1
viPalIBU,viPalI,BU,1
vibanD,vi,banD,
vibAD,vi,bAD,
vibuD,vi,buD,
vibfh,vi,bfh,1
vibfh,vi,bfh,1
vibrU,vi,brU,
viBaj,vi,Baj,
viBaYj,vi,BaYj,1
viBA,vi,BA,1
viBAgIkf,viBAgI,kf,1
viBAz,vi,BAz,1
viBAs,vi,BAs,1
viBid,vi,Bid,1
viBinnIkf,viBinnI,kf,1
viBI,vi,BI,1
viBU,vi,BU,1
viBUz,vi,BUz,
viBf,vi,Bf,1
viBraMS,vi,BraMS,
viBram,vi,Bram,
viBrAj,vi,BrAj,1
vimaMh,vi,maMh,
vimajj,vi,majj,
vimaT,vi,maT,1
vimad,vi,mad,2
vimadIkf,vimadI,kf,1
viman,vi,man,
vimanT,vi,manT,1
vimA,vi,mA,3
vimAnIkf,vimAnI,kf,1
vimi,vi,mi,1
vimiSr,vi,miSr,
vimuKIkf,vimuKI,kf,1
vimuKIBU,vimuKI,BU,1
vimuc,vi,muc,1
vimuh,vi,muh,1
vimfj,vi,mfj,1
vimfd,vi,mfd,1
vimfS,vi,mfS,1
vimfz,vi,mfz,1
vime,vi,me,1
vimokz,vi,mokz,
vimrit,vi,mrit,
vimlE,vi,mlE,
viyat,vi,yat,2
viyam,vi,yam,
viyA,vi,yA,1
viyu,vi,yu,1
viyuj,vi,yuj,1
virakz,vi,rakz,1
virac,vi,rac,
virajIkf,virajI,kf,1
virajIBU,virajI,BU,1
viraYj,vi,raYj,
viraTIkf,viraTI,kf,1
viraTIBU,viraTI,BU,1
virad,vi,rad,
viram,vi,ram,
viralIkf,viralI,kf,1
viras,vi,ras,1
virasIkf,virasI,kf,1
virasIBU,virasI,BU,1
virah,vi,rah,
virahIkf,virahI,kf,1
virAj,vi,rAj,1
virAD,vi,rAD,
viru,vi,ru,1
viruc,vi,ruc,1
viruj,vi,ruj,1
virud,vi,rud,1
viruD,vi,ruD,2
viruz,vi,ruz,1
viruh,vi,ruh,1
vilakz,vi,lakz,
vilakzIkf,vilakzI,kf,1
vilag,vi,lag,
vilaNG,vi,laNG,
vilajj,vi,lajj,
vilap,vi,lap,1
vilaB,vi,laB,
vilamb,vi,lamb,1
vilas,vi,las,1
viliK,vi,liK,
vilip,vi,lip,
viliS,vi,liS,1
vilih,vi,lih,1
vilI,vi,lI,1
viluYc,vi,luYc,
viluW,vi,luW,2
vilup,vi,lup,1
vivac,vi,vac,
vivad,vi,vad,
vivarR,vi,varR,
vivarD,vi,varD,
vival,vi,val,
vivalg,vi,valg,
vivas,vi,vas,2
vivas,vi,vas,4
vivas,vi,vas,5
vivah,vi,vah,1
vivA,vi,vA,2
vivic,vi,vic,
vivip,vi,vip,1
viviS,vi,viS,
vivf,vi,vf,1
vivft,vi,vft,1
vivfD,vi,vfD,
vive,vi,ve,1
viven,vi,ven,
vivell,vi,vell,
vivyaD,vi,vyaD,
vivraSc,vi,vraSc,
viSaMs,vi,SaMs,
viSaNk,vi,SaNk,
viSadIkf,viSadI,kf,1
viSas,vi,Sas,1
viSAs,vi,SAs,1
viSiYj,vi,SiYj,
viSiz,vi,Siz,1
viSI,vi,SI,1
viSuD,vi,SuD,
viSuB,vi,SuB,1
viSuz,vi,Suz,1
viSfD,vi,SfD,
viSezaRIkf,viSezaRI,kf,1
viSraT,vi,SraT,
viSram,vi,Sram,1
viSramB,vi,SramB,
viSri,vi,Sri,1
viSrIkf,viSrI,kf,1
viSru,vi,Sru,1
viSliz,vi,Sliz,1
viSvas,vi,Svas,1
viSvi,vi,Svi,
viSvit,vi,Svit,1
vizaYj,vi,saYj,1
vizad,vi,sad,2
vizamIkf,vizamI,kf,1
vizamIBU,vizamI,BU,1
vizayIkf,vizayI,kf,1
vizayIBU,vizayI,BU,1
vizah,vi,sah,1
vizic,vi,sic,1
viziv,vi,siv,
vizu,vi,su,1
vizU,vi,sU,1
vizev,vi,sev,
vizo,vi,so,1
vizkamB,vi,skamB,
vizkumB,vi,skumB,
vizwan,vi,stan,
vizwamB,vi,stamB,
vizwu,vi,stu,1
vizwuB,vi,stuB,1
vizWA,vi,sTA,1
vizpf,vi,spf,1
vizyand,vi,syand,
vizvaYj,vi,svaYj,
vizvan,vi,svan,1
visaMvad,vi-sam,vad,
visiD,vi,siD,1
visUtr,vi,sUtr,
visf,vi,sf,
visfj,vi,sfj,1
visfp,vi,sfp,
vistan,vi,stan,
vistf,vi,stf,1
vispand,vi,spand,
visparD,vi,sparD,
vispazwIkf,vispazwI,kf,1
visPAy,vi,sPAy,
visPuw,vi,sPuw,
visPur,vi,sPur,1
visPul,vi,sPul,
visPUrj,vi,sPUrj,
vismi,vi,smi,
vismf,vi,smf,2
visraMs,vi,sraMs,1
visru,vi,sru,
visvan,vi,svan,1
visvap,vi,svap,1
vihan,vi,han,1
vihary,vi,hary,
vihas,vi,has,1
vihA,vi,hA,2
vihA,vi,hA,3
vihiMs,vi,hiMs,1
vihurC,vi,hurC,
vihf,vi,hf,1
viheW,vi,heW,
vihnu,vi,hnu,
vihru,vi,hru,
vihval,vi,hval,
vihve,vi,hve,
vI,vi,i,5
vIkz,vi,Ikz,
vINK,vi,INK,
vIr,vi,Ir,
vIz,vi,Iz,1
vIz,vi,iz,1
vErIBU,vErI,BU,1
vyaktIkf,vyaktI,kf,1
vyaktIBU,vyaktI,BU,1
vyakz,vi,akz,
vyaNgIkf,vyaNgI,kf,1
vyaNgulIkf,vyaNgulI,kf,1
vyac,vi,ac,1
vyaj,vi,aj,
vyajanIkf,vyajanI,kf,1
vyajanIBU,vyajanI,BU,1
vyaYc,vi,aYc,1
vyaYj,vi,aYj,
vyatikram,vi-ati,kram,
vyatigam,vi-ati,gam,1
vyatigA,vi-ati,gA,1
vyaticar,vi-ati,car,
vyatijalp,vi-ati,jalp,
vyatiji,vi-ati,ji,1
vyatitan,vi-ati,tan,1
vyatitF,vi-ati,tF,
vyatinI,vi-ati,nI,2
vyatipaW,vi-ati,paW,
vyatiBA,vi-ati,BA,1
vyatiBU,vi-ati,BU,1
vyatiyA,vi-ati,yA,1
vyatiyu,vi-ati,yu,1
vyatirA,vi-ati,rA,1
vyatiruh,vi-ati,ruh,1
vyatilU,vi-ati,lU,1
vyativah,vi-ati,vah,1
vyativft,vi-ati,vft,1
vyativraj,vi-ati,vraj,
vyatiSI,vi-ati,SI,1
vyatiSF,vi-ati,SF,
vyatisaMdah,vi-ati-sam,dah,1
vyatisfp,vi-ati,sfp,
vyatihan,vi-ati,han,1
vyatihas,vi-ati,has,1
vyatihiMs,vi-ati,hiMs,1
vyatihf,vi-ati,hf,1
vyatI,vi-ati,i,5
vyatyas,vi-ati,as,1
vyatyUh,vi-ati,Uh,1
vyad,vi,ad,1
vyan,vi,an,2
vyanuDA,vi-anu,DA,1
vyanusf,vi-anu,sf,
vyantIkf,vyantI,kf,1
vyanvAraB,vi-anu-A,raB,
vyapakfz,vi-apa,kfz,1
vyapakram,vi-apa,kram,
vyapagam,vi-apa,gam,1
vyapatrap,vi-apa,trap,
vyapadiS,vi-apa,diS,1
vyapanI,vi-apa,nI,2
vyapanud,vi-apa,nud,
vyapamuc,vi-apa,muc,1
vyapayA,vi-apa,yA,1
vyapavft,vi-apa,vft,1
vyapasf,vi-apa,sf,
vyapasfj,vi-apa,sfj,1
vyapasfp,vi-apa,sfp,
vyapasPur,vi-apa,sPur,1
vyapahan,vi-apa,han,1
vyapahf,vi-apa,hf,1
vyapAnud,vi-apa-A,nud,
vyapASri,vi-apa-A,Sri,1
vyapAhf,vi-apa-A,hf,1
vyape,vi-apa-A,i,5
vyapekz,vi-apa,Ikz,
vyapoh,vi-apa-A,Uh,1
vyaBicar,vi-aBi,car,
vyayIkf,vyayI,kf,1
vyarTIkf,vyarTI,kf,1
vyarTIBU,vyarTI,BU,1
vyard,vi,ard,
vyavakfz,vi-ava,kfz,1
vyavakF,vi-ava,kF,1
vyavagam,vi-ava,gam,1
vyavagAh,vi-ava,gAh,
vyavacCid,vi-ava,Cid,
vyavadru,vi-ava,dru,1
vyavaDA,vi-ava,DA,1
vyavaDAv,vi-ava,DAv,1
vyavaDU,vi-ava,DU,1
vyavaDf,vi-ava,Df,
vyavapad,vi-ava,pad,1
vyavaBakz,vi-ava,Bakz,
vyavaruh,vi-ava,ruh,1
vyavalI,vi-ava,lI,1
vyavavad,vi-ava,vad,
vyavavid,vi-ava,vid,1
vyavavlI,vi-ava,vlI,
vyavaScut,vi-ava,Scut,1
vyavasad,vi-ava,sad,2
vyavasfj,vi-ava,sfj,1
vyavasfp,vi-ava,sfp,
vyavaso,vi-ava,so,1
vyavastuB,vi-ava,stuB,1
vyavasTA,vi-ava,sTA,1
vyavasraMs,vi-ava,sraMs,1
vyavasru,vi-ava,sru,
vyavahf,vi-ava,hf,1
vyave,vi-ava-A,i,5
vyas,vi,as,2
vyasanIkf,vyasanI,kf,1
vyAkulIkf,vyAkulI,kf,1
vyAkulIBU,vyAkulI,BU,1
vyAkf,vi-A,kf,1
vyAkfz,vi-A,kfz,1
vyAkoSIkf,vyAkoSI,kf,1
vyAkruS,vi-A,kruS,
vyAkzip,vi-A,kzip,1
vyAKyA,vi-A,KyA,
vyAGUrR,vi-A,GUrR,
vyAGrA,vi-A,GrA,
vyAcakz,vi-A,cakz,
vyAjIkf,vyAjI,kf,1
vyAjfmB,vi-A,jfmB,
vyAtan,vi-A,tan,1
vyAdA,vi-A,dA,1
vyAdiS,vi-A,diS,1
vyADU,vi-A,DU,1
vyAnam,vi-A,nam,
vyAnamrIkf,vyAnamrI,kf,1
vyAnI,vi-A,nI,2
vyAp,vi,Ap,1
vyApad,vi-A,pad,1
vyApf,vi-A,pf,1
vyAbAD,vi-A,bAD,
vyABAz,vi-A,BAz,1
vyAmuc,vi-A,muc,1
vyAmuh,vi-A,muh,1
vyAyam,vi-A,yam,
vyAlamb,vi-A,lamb,1
vyAliK,vi-A,liK,
vyAlup,vi-A,lup,1
vyAvalg,vi-A,valg,
vyAviS,vi-A,viS,
vyAvf,vi-A,vf,1
vyAvf,vi-A,vf,1
vyAvft,vi-A,vft,1
vyAvyaD,vi-A,vyaD,
vyAsaYj,vi-A,saYj,1
vyAsic,vi-A,sic,1
vyAsiD,vi-A,siD,1
vyAsf,vi-A,sf,
vyAhan,vi-A,han,1
vyAhf,vi-A,hf,1
vyAhve,vi-A,hve,
vyu,vi,u,4
vyukz,vi,ukz,1
vyuccar,vi-ud,car,
vyucCid,vi-ud,Cid,
vyutkram,vi-ud,kram,
vyutTA,vi-ud,sTA,1
vyutpad,vi-ud,pad,1
vyutsad,vi-ud,sad,2
vyutsic,vi-ud,sic,1
vyutsfj,vi-ud,sfj,1
vyutsfp,vi-ud,sfp,
vyud,vi,ud,2
vyudas,vi-ud,as,1
vyudUh,vi-ud,Uh,1
vyudDf,vi-ud,hf,1
vyupanI,vi-upa,nI,2
vyupayuj,vi-upa,yuj,1
vyuparam,vi-upa,ram,
vyupaviS,vi-upa,viS,
vyupaSam,vi-upa,Sam,1
vyupAram,vi-upa-A,ram,
vyupAs,vi-upa-A,as,1
vyupe,vi-upa-A,i,5
vyubj,vi,ubj,
vyUrRu,vi,UrRu,
vyUh,vi,Uh,1
vyUh,vi,Uh,1
vyUhIkf,vyUhI,kf,1
vyf,vi,f,4
vyfC,vi,fC,
vyfz,vi,fz,1
vyfz,vi,fz,1
SakalAkf,SakalA,kf,1
SakalIkf,SakalI,kf,1
SakalIBU,SakalI,BU,1
SataguRIBU,SataguRI,BU,1
SataBaNgIBU,SataBaNgI,BU,1
SabarIBU,SabarI,BU,1
SambAkf,SambA,kf,1
SayanIkf,SayanI,kf,1
SaraRIkf,SaraRI,kf,1
SarIkf,SarI,kf,1
SarIrIBU,SarIrI,BU,1
SaSIBU,SaSI,BU,1
SAkarasIkf,SAkarasI,kf,1
SAlInIkf,SAlInI,kf,1
SiTilIkf,SiTilI,kf,1
SiTilIBU,SiTilI,BU,1
SilIBU,SilI,BU,1
SiSirIkf,SiSirI,kf,1
SiSirIBU,SiSirI,BU,1
SizyIkf,SizyI,kf,1
SItalIkf,SItalI,kf,1
SItalIBU,SItalI,BU,1
SItIkf,SItI,kf,1
SItIBU,SItI,BU,1
SItkf,SIt,kf,1
SIrRIkf,SIrRI,kf,1
SukIBU,SukI,BU,1
SukrIBU,SukrI,BU,1
SuklIkf,SuklI,kf,1
SuklIBU,SuklI,BU,1
SucIkf,SucI,kf,1
SucIBU,SucI,BU,1
SuBIkf,SuBI,kf,1
SuBrIBU,SuBrI,BU,1
SUdrIBU,SUdrI,BU,1
SUnyIkf,SUnyI,kf,1
SUnyIBU,SUnyI,BU,1
SUrIkf,SUrI,kf,1
SUlAkf,SUlA,kf,1
SeKarIkf,SeKarI,kf,1
SeKarIBU,SeKarI,BU,1
SezIBU,SezI,BU,1
SoRIkf,SoRI,kf,1
SyAmalIkf,SyAmalI,kf,1
SyAmIkf,SyAmI,kf,1
SyAmIBU,SyAmI,BU,1
SyetIkf,SyetI,kf,1
Sratkf,Srat,kf,1
SradDA,Srat,DA,1
SrotriyasAtkf,SrotriyasAt,kf,1
SlakzRIkf,SlakzRI,kf,1
SlaTIkf,SlaTI,kf,1
saMkaT,sam,kaT,
saMkamp,sam,kamp,
saMkarIkf,saMkarI,kf,1
saMkal,sam,kal,2
saMkal,sam,kal,1
saMkAS,sam,kAS,
saMkIrt,sam,kIrt,
saMkuc,sam,kuc,
saMkuYc,sam,kuYc,
saMkup,sam,kup,1
saMkf,sam,kf,1
saMkfz,sam,kfz,1
saMkF,sam,kF,1
saMkxp,sam,kxp,
saMketIkf,saMketI,kf,1
saMkram,sam,kram,
saMkramIkf,saMkramI,kf,1
saMkrI,sam,krI,1
saMkrIq,sam,krIq,
saMkruD,sam,kruD,1
saMkruS,sam,kruS,
saMkliS,sam,kliS,
saMkzap,sam,kzap,1
saMkzar,sam,kzar,
saMkzi,sam,kzi,2
saMkzi,sam,kzi,4
saMkzip,sam,kzip,1
saMkzud,sam,kzud,1
saMkzRu,sam,kzRu,
saMKAd,sam,KAd,
saMKid,sam,Kid,
saMKyA,sam,KyA,
saMgam,sam,gam,1
saMgarj,sam,garj,
saMgA,sam,gA,1
saMgAh,sam,gAh,
saMgF,sam,gF,1
saMgF,sam,gF,2
saMgE,sam,gE,
saMgras,sam,gras,1
saMgrah,sam,grah,
saMGaw,sam,Gaw,
saMGaww,sam,Gaww,
saMGIBU,saMGI,BU,1
saMGfz,sam,Gfz,2
saMcakz,sam,cakz,
saMcar,sam,car,
saMcal,sam,cal,
saMci,sam,ci,1
saMcit,sam,cit,4
saMcint,sam,cint,
saMcUrR,sam,cUrR,
saMcft,sam,cft,
saMcezw,sam,cezw,
saMCid,sam,Cid,
saMjan,sam,jan,
saMjap,sam,jap,
saMjalp,sam,jalp,
saMji,sam,ji,1
saMjIv,sam,jIv,
saMjUrv,sam,jUrv,
saMjfmB,sam,jfmB,
saMjF,sam,jF,1
saMjF,sam,jF,2
saMjYA,sam,jYA,1
saMjYopasarjanIBU,saMjYopasarjanI,BU,1
saMjvar,sam,jvar,
saMjval,sam,jval,
saMtakz,sam,takz,1
saMtaq,sam,taq,
saMtan,sam,tan,1
saMtap,sam,tap,1
saMtam,sam,tam,
saMtark,sam,tark,
saMtud,sam,tud,1
saMtul,sam,tul,
saMtuz,sam,tuz,
saMtfd,sam,tfd,
saMtfp,sam,tfp,1
saMtF,sam,tF,
saMtyaj,sam,tyaj,1
saMtras,sam,tras,1
saMtvar,sam,tvar,
saMdaMS,sam,daMS,1
saMdas,sam,das,
saMdah,sam,dah,1
saMdA,sam,dA,1
saMdA,sam,dA,1
saMdA,sam,dA,1
saMdiS,sam,diS,1
saMdih,sam,dih,1
saMdIp,sam,dIp,
saMduz,sam,duz,2
saMduh,sam,duh,1
saMdru,sam,dru,1
saMDanv,sam,Danv,
saMDA,sam,DA,1
saMDAv,sam,DAv,1
saMDAv,sam,DAv,2
saMDukz,sam,Dukz,
saMDU,sam,DU,1
saMDf,sam,Df,
saMDyE,sam,DyE,
saMnad,sam,nad,
saMnam,sam,nam,
saMnard,sam,nard,
saMnas,sam,nas,2
saMnah,sam,nah,1
saMnikzip,sam-ni,kzip,1
saMnigam,sam-ni,gam,1
saMnigrah,sam-ni,grah,
saMniGfz,sam-ni,Gfz,2
saMniDA,sam-ni,DA,1
saMnipat,sam-ni,pat,1
saMnibuD,sam-ni,buD,
saMnimajj,sam-ni,majj,
saMnimantr,sam-ni,mantr,
saMnimIl,sam-ni,mIl,
saMniyam,sam-ni,yam,
saMniyuj,sam-ni,yuj,1
saMniruD,sam-ni,ruD,1
saMnirgam,sam-nis,gam,1
saMnirvap,sam-nis,vap,1
saMnilI,sam-ni,lI,1
saMnivap,sam-ni,vap,1
saMnivas,sam-ni,vas,2
saMnivas,sam-ni,vas,2
saMniviS,sam-ni,viS,
saMnivft,sam-ni,vft,1
saMnizad,sam-ni,sad,2
saMnizic,sam-ni,sic,1
saMnihan,sam-ni,han,1
saMnI,sam,nI,2
saMnu,sam,nu,3
saMnu,sam,nu,3
saMnud,sam,nud,
saMnft,sam,nft,1
saMnyas,sam-ni,as,1
saMyaj,sam,yaj,1
saMyat,sam,yat,2
saMyam,sam,yam,
saMyas,sam,yas,
saMyA,sam,yA,1
saMyAc,sam,yAc,
saMyu,sam,yu,2
saMyuj,sam,yuj,1
saMyuD,sam,yuD,1
saMrakz,sam,rakz,1
saMraYj,sam,raYj,
saMraB,sam,raB,
saMram,sam,ram,
saMrAj,sam,rAj,1
saMrI,sam,rI,1
saMru,sam,ru,1
saMruc,sam,ruc,1
saMruj,sam,ruj,1
saMruD,sam,ruD,2
saMruh,sam,ruh,1
saMrej,sam,rej,1
saMlakz,sam,lakz,
saMlaNG,sam,laNG,
saMlajj,sam,lajj,
saMlap,sam,lap,1
saMlaB,sam,laB,
saMliK,sam,liK,
saMlih,sam,lih,1
saMlI,sam,lI,1
saMlup,sam,lup,1
saMluB,sam,luB,
saMlok,sam,lok,
saMvac,sam,vac,
saMvaYc,sam,vaYc,
saMvad,sam,vad,
saMvand,sam,vand,
saMvap,sam,vap,2
saMvarR,sam,varR,
saMvalg,sam,valg,
saMvas,sam,vas,4
saMvas,sam,vas,5
saMvah,sam,vah,1
saMvA,sam,vA,2
saMvAYC,sam,vAYC,
saMvicint,sam-vi,cint,
saMvij,sam,vij,1
saMvijYA,sam-vi,jYA,1
saMvitark,sam-vi,tark,
saMvid,sam,vid,1
saMvid,sam,vid,1
saMviDA,sam-vi,DA,1
saMviBaj,sam-vi,Baj,
saMviBA,sam-vi,BA,1
saMviBAgIkf,saMviBAgI,kf,1
saMvirAj,sam-vi,rAj,1
saMvivfD,sam-vi,vfD,
saMviS,sam,viS,
saMvisfj,sam-vi,sfj,1
saMvihas,sam-vi,has,1
saMvihf,sam-vi,hf,1
saMvihval,sam-vi,hval,
saMvIkz,sam-vi,Ikz,
saMvf,sam,vf,1
saMvf,sam,vf,1
saMvfj,sam,vfj,1
saMvft,sam,vft,1
saMvfD,sam,vfD,
saMvfz,sam,vfz,
saMve,sam,ve,1
saMvezw,sam,vezw,
saMvyac,sam,vyac,
saMvyaT,sam,vyaT,
saMvyaD,sam,vyaD,
saMvye,sam,vye,
saMvraj,sam,vraj,
saMvraSc,sam,vraSc,
saMSaMs,sam,SaMs,
saMSak,sam,Sak,
saMSaNk,sam,SaNk,
saMSap,sam,Sap,3
saMSam,sam,Sam,1
saMSAs,sam,SAs,1
saMSiYj,sam,SiYj,
saMSI,sam,SI,1
saMSuc,sam,Suc,1
saMSuD,sam,SuD,
saMSuB,sam,SuB,1
saMSuz,sam,Suz,1
saMSF,sam,SF,
saMSo,sam,So,
saMSyE,sam,SyE,
saMSri,sam,Sri,1
saMSrI,sam,SrI,1
saMSru,sam,Sru,1
saMSlAG,sam,SlAG,
saMSliz,sam,Sliz,1
saMSlok,sam,Slok,
saMsaMyu,sam-sam,yu,2
saMsac,sam,sac,1
saMsaYj,sam,saYj,1
saMsad,sam,sad,2
saMsan,sam,san,1
saMsah,sam,sah,1
saMsic,sam,sic,1
saMsiD,sam,siD,3
saMsiv,sam,siv,
saMsu,sam,su,3
saMsU,sam,sU,1
saMsUc,sam,sUc,
saMsf,sam,sf,
saMsfj,sam,sfj,1
saMsfp,sam,sfp,
saMsev,sam,sev,
saMskand,sam,skand,
saMskf,saMs,kf,1
saMstamB,sam,stamB,
saMstu,sam,stu,1
saMstf,sam,stf,1
saMstF,sam,stF,1
saMsTA,sam,sTA,1
saMspand,sam,spand,
saMsparD,sam,sparD,
saMspfS,sam,spfS,1
saMspfh,sam,spfh,1
saMsPur,sam,sPur,1
saMsmi,sam,smi,
saMsmf,sam,smf,2
saMsyand,sam,syand,
saMsru,sam,sru,
saMsvaYj,sam,svaYj,
saMsvf,sam,svf,
saMhan,sam,han,1
saMhA,sam,hA,2
saMhA,sam,hA,2
saMhi,sam,hi,1
saMhu,sam,hu,1
saMhf,sam,hf,1
saMhfz,sam,hfz,
saMhrAd,sam,hrAd,
saMhve,sam,hve,
sakalIkf,sakalI,kf,1
sakalIviDA,sakalI-vi,DA,1
sajjIkf,sajjI,kf,1
sajjIBU,sajjI,BU,1
sajyIkf,sajyI,kf,1
satkf,sat,kf,1
sattrIBU,sattrI,BU,1
satyAkf,satyA,kf,1
sanATIkf,sanATI,kf,1
sapattrAkf,sapattrA,kf,1
sapiRqIkf,sapiRqI,kf,1
saPalIkf,saPalI,kf,1
saPalIBU,saPalI,BU,1
samacCedIkf,samacCedI,kf,1
samaj,sam,aj,
samaYj,sam,aYj,
samat,sam,at,2
samatikram,sam-ati,kram,
samatipraSaMs,sam-ati-pra,SaMs,
samatiyA,sam-ati,yA,1
samativft,sam-ati,vft,1
samatI,sam-ati,i,5
samad,sam,ad,1
samaDigam,sam-aDi,gam,1
samaDiruh,sam-aDi,ruh,1
samaDiSri,sam-aDi,Sri,1
samaDizWA,sam-aDi,sTA,1
samaDisfp,sam-aDi,sfp,
samaDI,sam-aDi,i,5
samaDyAs,sam-aDi,As,2
saman,sam,an,2
samanukamp,sam-anu,kamp,
samanugam,sam-anu,gam,1
samanugE,sam-anu,gE,
samanugrah,sam-anu,grah,
samanucint,sam-anu,cint,
samanujan,sam-anu,jan,
samanujYA,sam-anu,jYA,1
samanudiS,sam-anu,diS,1
samanudru,sam-anu,dru,1
samanuDAv,sam-anu,DAv,1
samanuDyE,sam-anu,DyE,
samanupad,sam-anu,pad,1
samanupaS,sam-anu,paS,3
samanupAl,sam-anu,pAl,
samanupraC,sam-anu,praC,
samanuprAp,sam-anu-prA,Ap,1
samanuBU,sam-anu,BU,1
samanuman,sam-anu,man,
samanuyA,sam-anu,yA,1
samanuvas,sam-anu,vas,2
samanuvIkz,sam-anu-vi,Ikz,
samanuvft,sam-anu,vft,1
samanuvraj,sam-anu,vraj,
samanuSAs,sam-anu,SAs,1
samanuSuc,sam-anu,Suc,1
samanusfp,sam-anu,sfp,
samanusmf,sam-anu,smf,2
samanusvf,sam-anu,svf,
samanvAraB,sam-anu-A,raB,
samanvAruh,sam-anu-A,ruh,1
samanvi,sam-anu,i,5
samanviz,sam-anu,iz,1
samanviz,sam-anu,iz,1
samapacCid,sam-apa,Cid,
samapaDyE,sam-apa,DyE,
samapAvf,sam-apa-A,vf,1
samapiruh,sam-api,ruh,1
samapoh,sam-apa-A,Uh,1
samaBigam,sam-aBi,gam,1
samaBigarj,sam-aBi,garj,
samaBiguh,sam-aBi,guh,1
samaBijan,sam-aBi,jan,
samaBitarj,sam-aBi,tarj,
samaBityaj,sam-aBi,tyaj,1
samaBidru,sam-aBi,dru,1
samaBiDAv,sam-aBi,DAv,1
samaBiDyE,sam-aBi,DyE,
samaBinand,sam-aBi,nand,
samaBipat,sam-aBi,pat,1
samaBipad,sam-aBi,pad,1
samaBipAl,sam-aBi,pAl,
samaBipIq,sam-aBi,pIq,
samaBipUj,sam-aBi,pUj,
samaBiprekz,sam-aBipra-A,Ikz,
samaBiplu,sam-aBi,plu,
samaBiBAz,sam-aBi,BAz,1
samaBiyA,sam-aBi,yA,1
samaBiyAc,sam-aBi,yAc,
samaBiraYj,sam-aBi,raYj,
samaBiruh,sam-aBi,ruh,1
samaBilaz,sam-aBi,laz,
samaBivAYC,sam-aBi,vAYC,
samaBivIkz,sam-aBi-vi,Ikz,
samaBivft,sam-aBi,vft,1
samaBivfD,sam-aBi,vfD,
samaBivfz,sam-aBi,vfz,
samaBivyAhf,sam-aBi-vi-A,hf,1
samaBiSuB,sam-aBi,SuB,1
samaBizic,sam-aBi,sic,1
samaBizwu,sam-aBi,stu,1
samaBizWA,sam-aBi,sTA,1
samaBizyand,sam-aBi,syand,
samaBisaMDA,sam-aBi-sam,DA,1
samaBisf,sam-aBi,sf,
samaBihf,sam-aBi,hf,1
samaBI,sam-aBi,i,5
samaByatikram,sam-aBi-ati,kram,
samaByarc,sam-aBi,arc,1
samaByarT,sam-aBi,arT,
samaByavagA,sam-aBi-ava,gA,1
samaByave,sam-aBi-ava-A,i,5
samaByas,sam-aBi,as,1
samaByAgam,sam-aBi-A,gam,1
samaByAgA,sam-aBi-A,gA,1
samaByAdA,sam-aBi-A,dA,1
samaByAnI,sam-aBi-A,nI,2
samaByutTA,sam-aBi-ud,sTA,1
samaByudDf,sam-aBi-ud,hf,1
samaByupe,sam-aBi-upa-A,i,5
samaBye,sam-aBi-A,i,5
samayAkf,samayA,kf,1
samayIkf,samayI,kf,1
samarc,sam,arc,1
samarT,sam,arT,
samalaMkf,samalaM,kf,1
samalIkf,samalI,kf,1
samav,sam,av,
samavakF,sam-ava,kF,1
samavakzip,sam-ava,kzip,1
samavagam,sam-ava,gam,1
samavaguh,sam-ava,guh,1
samavacCad,sam-ava,Cad,1
samavadiS,sam-ava,diS,1
samavado,sam-ava,do,
samavadru,sam-ava,dru,1
samavaDA,sam-ava,DA,1
samavanI,sam-ava,nI,2
samavapIq,sam-ava,pIq,
samavabuD,sam-ava,buD,
samavamfS,sam-ava,mfS,1
samavaruD,sam-ava,ruD,1
samavalamb,sam-ava,lamb,1
samavalI,sam-ava,lI,1
samavalok,sam-ava,lok,
samavasf,sam-ava,sf,
samavasfj,sam-ava,sfj,1
samavaso,sam-ava,so,1
samavAp,sam-ava-A,Ap,1
samavArj,sam-ava,fj,
samave,sam-ava-A,i,5
samavekz,sam-ava,Ikz,
samas,sam,as,1
samas,sam,as,1
samAkarR,sam-A,karR,
samAkANkz,sam-A,kANkz,
samAkf,sam-A,kf,1
samAkfz,sam-A,kfz,1
samAkF,sam-A,kF,1
samAkrand,sam-A,krand,
samAkram,sam-A,kram,
samAkrIq,sam-A,krIq,
samAkzip,sam-A,kzip,1
samAKyA,sam-A,KyA,
samAgam,sam-A,gam,1
samAGrA,sam-A,GrA,
samAcakz,sam-A,cakz,
samAcar,sam-A,car,
samAci,sam-A,ci,1
samAtan,sam-A,tan,1
samAdA,sam-A,dA,1
samAdiS,sam-A,diS,1
samAdru,sam-A,dru,1
samADA,sam-A,DA,1
samADAv,sam-A,DAv,1
samADmA,sam-A,DmA,
samADyE,sam-A,DyE,
samAnI,sam-A,nI,2
samAp,sam,Ap,1
samApat,sam-A,pat,1
samApad,sam-A,pad,1
samApA,sam-A,pA,1
samApU,sam-A,pU,1
samApyE,sam-A,pyE,
samAplu,sam-A,plu,
samABA,sam-A,BA,1
samABAz,sam-A,BAz,1
samABuj,sam-A,Buj,1
samABf,sam-A,Bf,1
samAmantr,sam-A,mantr,
samAmnA,sam-A,mnA,
samAyam,sam-A,yam,
samAyA,sam-A,yA,1
samAyu,sam-A,yu,1
samAyuj,sam-A,yuj,1
samAraB,sam-A,raB,
samArAD,sam-A,rAD,
samAruh,sam-A,ruh,1
samAlap,sam-A,lap,1
samAlaB,sam-A,laB,
samAlamb,sam-A,lamb,1
samAliK,sam-A,liK,
samAliNg,sam-A,liNg,
samAlip,sam-A,lip,
samAlok,sam-A,lok,
samAloc,sam-A,loc,
samAvad,sam-A,vad,
samAvap,sam-A,vap,1
samAvas,sam-A,vas,5
samAvah,sam-A,vah,1
samAviS,sam-A,viS,
samAvf,sam-A,vf,1
samAvfj,sam-A,vfj,1
samAvft,sam-A,vft,1
samAve,sam-A,ve,1
samAvyaD,sam-A,vyaD,
samAvraj,sam-A,vraj,
samASaMs,sam-A,SaMs,
samASri,sam-A,Sri,1
samASru,sam-A,Sru,1
samASliz,sam-A,Sliz,1
samASvas,sam-A,Svas,1
samAs,sam,As,2
samAsaYj,sam-A,saYj,1
samAsad,sam-A,sad,2
samAsic,sam-A,sic,1
samAsfj,sam-A,sfj,1
samAsev,sam-A,sev,
samAskand,sam-A,skand,
samAstf,sam-A,stf,1
samAsTA,sam-A,sTA,1
samAhan,sam-A,han,1
samAhf,sam-A,hf,1
samAhve,sam-A,hve,
sami,sam,i,5
saminD,sam,inD,
saminv,sam,inv,
samIkf,samI,kf,1
samIkz,sam,Ikz,
samIj,sam,Ij,
samIpIkf,samIpI,kf,1
samIpIBU,samIpI,BU,1
samIBU,samI,BU,1
samIz,sam,Iz,1
samIh,sam,Ih,
samukz,sam,ukz,1
samuc,sam,uc,
samuccar,sam-ud,car,
samuccal,sam-ud,cal,
samucci,sam-ud,ci,1
samucCad,sam-ud,Cad,1
samucCal,sam-ud,Sal,1
samucCid,sam-ud,Cid,
samucCuz,sam-ud,Suz,1
samucCri,sam-ud,Sri,1
samucCvas,sam-ud,Svas,1
samujjfmB,sam-ud,jfmB,
samujjval,sam-ud,jval,
samujJ,sam,ujJ,
samutkfz,sam-ud,kfz,1
samutkram,sam-ud,kram,
samutkzip,sam-ud,kzip,1
samutKan,sam-ud,Kan,
samuttF,sam-ud,tF,
samutTA,sam-ud,sTA,1
samutpaw,sam-ud,paw,
samutpat,sam-ud,pat,1
samutpad,sam-ud,pad,1
samutplu,sam-ud,plu,
samutsah,sam-ud,sah,1
samutsfj,sam-ud,sfj,1
samutsfp,sam-ud,sfp,
samud,sam,ud,2
samudaYc,sam-ud,aYc,1
samudAgam,sam-ud-A,gam,1
samudAcar,sam-ud-A,car,
samudAvah,sam-ud-A,vah,1
samudAhf,sam-ud-A,hf,1
samudi,sam-ud,i,5
samudIkz,sam-ud,Ikz,
samudIz,sam-ud,Iz,1
samudgam,sam-ud,gam,1
samudguYj,sam-ud,guYj,
samudgrah,sam-ud,grah,
samudGfz,sam-ud,Gfz,2
samuddiS,sam-ud,diS,1
samuddyut,sam-ud,dyut,2
samuddru,sam-ud,dru,1
samudDA,sam-ud,hA,2
samudDU,sam-ud,DU,1
samudDf,sam-ud,hf,1
samudDfz,sam-ud,hfz,
samudbfh,sam-ud,bfh,1
samudBU,sam-ud,BU,1
samudyam,sam-ud,yam,
samudyA,sam-ud,yA,1
samudvah,sam-ud,vah,1
samudvij,sam-ud,vij,1
samudvIkz,sam-ud-vi,Ikz,
samunnad,sam-ud,nad,
samunnam,sam-ud,nam,
samunnah,sam-ud,nah,1
samunnI,sam-ud,nI,2
samunmajj,sam-ud,majj,
samunmiz,sam-ud,miz,1
samunmIl,sam-ud,mIl,
samunmUl,sam-ud,mUl,
samunmfj,sam-ud,mfj,1
samupakfz,sam-upa,kfz,1
samupakxp,sam-upa,kxp,
samupakram,sam-upa,kram,
samupagam,sam-upa,gam,1
samupaguh,sam-upa,guh,1
samupaGrA,sam-upa,GrA,
samupaci,sam-upa,ci,1
samupajan,sam-upa,jan,
samupajYA,sam-upa,jYA,1
samupadiS,sam-upa,diS,1
samupadru,sam-upa,dru,1
samupaDA,sam-upa,DA,1
samupaDAv,sam-upa,DAv,1
samupanI,sam-upa,nI,2
samupanyas,sam-upa-ni,as,1
samupapad,sam-upa,pad,1
samupaBuj,sam-upa,Buj,1
samupayA,sam-upa,yA,1
samupayuj,sam-upa,yuj,1
samuparuj,sam-upa,ruj,1
samuparuD,sam-upa,ruD,1
samupalakz,sam-upa,lakz,
samupalaB,sam-upa,laB,
samupavas,sam-upa,vas,2
samupavah,sam-upa,vah,1
samupaviS,sam-upa,viS,
samupavft,sam-upa,vft,1
samupaSam,sam-upa,Sam,1
samupaSru,sam-upa,Sru,1
samupasaMhf,sam-upa-sam,hf,1
samupasad,sam-upa,sad,2
samupasf,sam-upa,sf,
samupasfp,sam-upa,sfp,
samupasev,sam-upa,sev,
samupasTA,sam-upa,sTA,1
samupaspfS,sam-upa,spfS,1
samupahf,sam-upa,hf,1
samupahve,sam-upa,hve,
samupAkf,sam-upa-A,kf,1
samupAgam,sam-upa-A,gam,1
samupAcar,sam-upa-A,car,
samupAdA,sam-upa-A,dA,1
samupAnI,sam-upa-A,nI,2
samupAyA,sam-upa-A,yA,1
samupAruh,sam-upa-A,ruh,1
samupArj,sam-upa-A,arj,
samupAviS,sam-upa-A,viS,
samupAs,sam-upa-A,As,2
samupAsTA,sam-upa-A,sTA,1
samupAhf,sam-upa-A,hf,1
samupe,sam-upa-A,i,5
samupekz,sam-upa,Ikz,
samupoz,sam-upa-A,uz,1
samubj,sam,ubj,
samuB,sam,uB,
samullaNG,sam-ud,laNG,
samullas,sam-ud,las,1
samulliK,sam-ud,liK,
samullup,sam-ud,lup,1
samuz,sam,uz,1
samUh,sam,Uh,1
samf,sam,f,4
samfdDIkf,samfdDI,kf,1
samfD,sam,fD,
samfz,sam,fz,1
same,sam-A,i,5
samej,sam,ej,
sameD,sam,eD,
samer,sam-A,Ir,
sampaW,sam,paW,
sampat,sam,pat,1
sampad,sam,pad,1
samparikIrt,sam-pari,kIrt,
samparikram,sam-pari,kram,
sampariKyA,sam-pari,KyA,
samparigrah,sam-pari,grah,
samparicar,sam-pari,car,
samparituz,sam-pari,tuz,
samparityaj,sam-pari,tyaj,1
sampariplu,sam-pari,plu,
sampariBU,sam-pari,BU,1
samparimud,sam-pari,mud,1
samparirakz,sam-pari,rakz,1
sampariraB,sam-pari,raB,
samparivf,sam-pari,vf,1
samparivft,sam-pari,vft,1
sampariSri,sam-pari,Sri,1
samparizvaYj,sam-pari,svaYj,
samparihf,sam-pari,hf,1
samparI,sam-pari,i,5
sampaS,sam,paS,3
sampA,sam,pA,1
sampAl,sam,pAl,
sampiRq,sam,piRq,
sampiz,sam,piz,
sampIq,sam,pIq,
sampuwIkf,sampuwI,kf,1
sampuz,sam,puz,1
sampU,sam,pU,1
sampfc,sam,pfc,1
samprakamp,sam-pra,kamp,
samprakAS,sam-pra,kAS,
samprakf,sam-pra,kf,1
samprakfz,sam-pra,kfz,1
samprakram,sam-pra,kram,
samprakliS,sam-pra,kliS,
samprakzip,sam-pra,kzip,1
samprakzuB,sam-pra,kzuB,1
sampragAh,sam-pra,gAh,
sampragF,sam-pra,gF,1
sampragE,sam-pra,gE,
sampragrah,sam-pra,grah,
sampraGfz,sam-pra,Gfz,2
sampracakz,sam-pra,cakz,
sampracar,sam-pra,car,
sampraci,sam-pra,ci,1
sampracCid,sam-pra,Cid,
sampraC,sam,praC,
samprajan,sam-pra,jan,
samprajYA,sam-pra,jYA,1
samprajval,sam-pra,jval,
sampraRiDA,sam-pra-ni,DA,1
sampratark,sam-pra,tark,
sampratigrah,sam-prati,grah,
sampratijYA,sam-prati,jYA,1
sampratinand,sam-prati,nand,
sampratipad,sam-prati,pad,1
sampratiBA,sam-prati,BA,1
sampratiBAz,sam-prati,BAz,1
sampratiziD,sam-prati,siD,1
sampratizWA,sam-prati,sTA,1
sampratI,sam-prati,i,5
sampratIkz,sam-prati,Ikz,
sampratIz,sam-prati,iz,1
sampratuz,sam-pra,tuz,
sampratF,sam-pra,tF,
sampradah,sam-pra,dah,1
sampradA,sam-pra,dA,1
sampradiS,sam-pra,diS,1
sampraduz,sam-pra,duz,2
sampradru,sam-pra,dru,1
samprapad,sam-pra,pad,1
samprabAD,sam-pra,bAD,
samprabuD,sam-pra,buD,
sampraBA,sam-pra,BA,1
sampraBAz,sam-pra,BAz,1
sampramaT,sam-pra,maT,1
sampramuc,sam-pra,muc,1
sampramuh,sam-pra,muh,1
sampramokz,sam-pra,mokz,
samprayat,sam-pra,yat,2
samprayam,sam-pra,yam,
samprayA,sam-pra,yA,1
samprayAc,sam-pra,yAc,
samprayuj,sam-pra,yuj,1
samprayuD,sam-pra,yuD,1
sampraruc,sam-pra,ruc,1
sampralI,sam-pra,lI,1
sampravac,sam-pra,vac,
sampravad,sam-pra,vad,
sampravip,sam-pra,vip,1
sampraviS,sam-pra,viS,
sampravft,sam-pra,vft,1
sampravfD,sam-pra,vfD,
samprave,sam-pra,ve,1
sampraSAs,sam-pra,SAs,1
samprasad,sam-pra,sad,2
samprasah,sam-pra,sah,1
samprasU,sam-pra,sU,2
samprasfp,sam-pra,sfp,
samprasTA,sam-pra,sTA,1
sampraspfS,sam-pra,spfS,1
samprasru,sam-pra,sru,
samprahas,sam-pra,has,1
samprahA,sam-pra,hA,3
samprahf,sam-pra,hf,1
samprahfz,sam-pra,hfz,
samprAp,sam-prA,Ap,1
samprArT,sam-prA,arT,
samprI,sam,prI,1
sampre,sam-prA,i,5
samprekz,sam-pra,Ikz,
samprer,sam-pra,Ir,
samprez,sam-prA,iz,1
samprokz,sam-prA,ukz,1
samprorRu,sam-prA,UrRu,
samplu,sam,plu,
sambanD,sam,banD,
sambAD,sam,bAD,
sambuD,sam,buD,
sambfh,sam,bfh,1
sambfh,sam,bfh,2
sambrU,sam,brU,
samBakz,sam,Bakz,
samBaj,sam,Baj,
samBaYj,sam,BaYj,1
samBal,sam,Bal,
samBA,sam,BA,1
samBAz,sam,BAz,1
samBid,sam,Bid,1
samBuj,sam,Buj,3
samBU,sam,BU,1
samBUz,sam,BUz,
samBf,sam,Bf,1
samBraMS,sam,BraMS,
samBram,sam,Bram,
samBraS,sam,BraS,
samBrAj,sam,BrAj,1
sammad,sam,mad,2
samman,sam,man,
sammantr,sam,mantr,
sammand,sam,mand,1
sammA,sam,mA,3
sammi,sam,mi,1
sammil,sam,mil,
sammIl,sam,mIl,
sammuKIkf,sammuKI,kf,1
sammuKIBU,sammuKI,BU,1
sammuc,sam,muc,1
sammurC,sam,murC,
sammuz,sam,muz,1
sammuh,sam,muh,1
sammfj,sam,mfj,1
sammfR,sam,mfR,
sammfd,sam,mfd,1
sammfS,sam,mfS,1
sammokz,sam,mokz,
saralIkf,saralI,kf,1
sarasIkf,sarasI,kf,1
sarpIBU,sarpI,BU,1
saviDIkf,saviDI,kf,1
saviDIBU,saviDI,BU,1
sahAyIBU,sahAyI,BU,1
sahArTIBU,sahArTI,BU,1
sAkzAtkf,sAkzAt,kf,1
sAkzAdBU,sAkzAt,BU,1
sAkzimAtrAkf,sAkzimAtrA,kf,1
sAkzIkf,sAkzI,kf,1
sAkzIBU,sAkzI,BU,1
sAcIkf,sAcI,kf,1
sAtmIBU,sAtmI,BU,1
sADanIkf,sADanI,kf,1
sADAraRIkf,sADAraRI,kf,1
sAndrIBU,sAndrI,BU,1
sArasvatOzaDIBU,sArasvatOzaDI,BU,1
sArTIkf,sArTI,kf,1
sAvaDAnIkf,sAvaDAnI,kf,1
sAvaDAnIBU,sAvaDAnI,BU,1
sAvayavIkf,sAvayavI,kf,1
siMhIkf,siMhI,kf,1
siMhIBU,siMhI,BU,1
sitIkf,sitI,kf,1
suKAkf,suKA,kf,1
suguptIkf,suguptI,kf,1
suDIkf,suDI,kf,1
suPalIkf,suPalI,kf,1
sumanIkf,sumanI,kf,1
sumanIBU,sumanI,BU,1
suraBIkf,suraBI,kf,1
suvarRIBU,suvarRI,BU,1
susajjIkf,susajjI,kf,1
sUkzmIkf,sUkzmI,kf,1
sUtrIkf,sUtrI,kf,1
sfkkf,sfk,kf,1
somIkf,somI,kf,1
skanDIkf,skanDI,kf,1
stamBIBU,stamBI,BU,1
starIkf,starI,kf,1
sTapuwIkf,sTapuwI,kf,1
sTalapaTIkf,sTalapaTI,kf,1
sTalIBU,sTalI,BU,1
sTAyIBU,sTAyI,BU,1
sTirIkf,sTirI,kf,1
sTirIBU,sTirI,BU,1
spazwIkf,spazwI,kf,1
sPArIBU,sPArI,BU,1
sPItIkf,sPItI,kf,1
sPuwIkf,sPuwI,kf,1
sPuwIBU,sPuwI,BU,1
smarezuDIkf,smarezuDI,kf,1
svagAkf,svagA,kf,1
svapatIkf,svapatI,kf,1
svarasIkf,svarasI,kf,1
svalpIBU,svalpI,BU,1
svasTIkf,svasTI,kf,1
svasTIBU,svasTI,BU,1
svAgatIkf,svAgatI,kf,1
svAdUkf,svAdU,kf,1
svAyattIkf,svAyattI,kf,1
svASliz,su-A,Sliz,1
svIkf,svI,kf,1
hastIkf,hastI,kf,1
hastekf,haste,kf,1
himIkf,himI,kf,1
huMkf,huM,kf,1
hetUkf,hetU,kf,1
