form,root,hom,pos,modification
aktvA,aYc,1,gerund,
aktvA,aYj,,gerund,
aNgitvA,aNg,,gerund,
ajitvA,aj,,gerund,
aYcayitvA,aYc,1,gerund,caus
aYcitvA,aYc,1,gerund,
aYjayitvA,aYj,,gerund,caus
aYjitvA,aYj,,gerund,
awitvA,aw,,gerund,
atitvA,at,2,gerund,
attvA,ad,1,gerund,
anitvA,an,2,gerund,
aninizitvA,an,2,gerund,desid
aririzitvA,f,4,gerund,desid
arjayitvA,fj,,gerund,caus
arjitvA,fj,,gerund,
arTayitvA,arT,,gerund,
arditvA,ard,,gerund,
arDayitvA,fD,,gerund,caus
arDitvA,fD,,gerund,
arpayitvA,f,4,gerund,caus
arhayitvA,arh,,gerund,caus
arhitvA,arh,,gerund,
avitvA,av,,gerund,
asitvA,as,2,gerund,
astvA,as,2,gerund,
AdayitvA,ad,1,gerund,caus
AnayitvA,an,2,gerund,caus
ApayitvA,Ap,1,gerund,caus
AptvA,Ap,1,gerund,
AvayitvA,av,,gerund,caus
AsayitvA,As,2,gerund,caus
AsayitvA,as,2,gerund,caus
AsitvA,As,2,gerund,
iNgayitvA,iNg,,gerund,caus
iNgitvA,iNg,,gerund,
itvA,i,5,gerund,
idDvA,inD,,gerund,
inditvA,ind,,gerund,
ilayitvA,il,,gerund,caus
iltvA,il,,gerund,
izayitvA,iz,3,gerund,caus
izayitvA,iz,1,gerund,caus
izwvA,iz,3,gerund,
izwvA,yaj,1,gerund,
IkzitvA,Ikz,,gerund,
INKayitvA,INK,,gerund,caus
INKitvA,INK,,gerund,
IqitvA,Iq,1,gerund,
IpsitvA,Ap,1,gerund,desid
IrayitvA,Ir,,gerund,caus
IritvA,Ir,,gerund,
ISitvA,IS,1,gerund,
IzitvA,Iz,1,gerund,
IhitvA,Ih,,gerund,
uktvA,vac,,gerund,
ujJitvA,ujJ,,gerund,
uYCitvA,uYC,,gerund,
uttvA,und,2,gerund,
uditvA,vad,,gerund,
unttvA,und,2,gerund,
uptvA,vap,2,gerund,
uptvA,vap,2,gerund,
uzitvA,vas,5,gerund,
uzitvA,vas,2,gerund,
uzwvA,uz,1,gerund,
uzwvA,vas,5,gerund,
uzwvA,vas,2,gerund,
UQvA,Uh,2,gerund,
UQvA,vah,1,gerund,
UhitvA,Uh,2,gerund,
ftvA,f,4,gerund,
fdDvA,fD,,gerund,
fzwvA,fz,2,gerund,
ejayitvA,ej,,gerund,caus
ejitvA,ej,,gerund,
eDayitvA,eD,,gerund,caus
eDitvA,eD,,gerund,
elayitvA,il,,gerund,caus
ezitvA,iz,3,gerund,
ezitvA,iz,1,gerund,
ocitvA,uc,,gerund,
kaRqayitvA,kaRq,,gerund,
katTitvA,katT,,gerund,
kaTayitvA,kaT,,gerund,
kampayitvA,kamp,,gerund,caus
kampitvA,kamp,,gerund,
karpitvA,kfp,2,gerund,
karSayitvA,kfS,,gerund,caus
karSitvA,kfS,,gerund,
karzayitvA,kfz,1,gerund,caus
kalayitvA,kal,2,gerund,
kalpayitvA,kxp,,gerund,caus
kazitvA,kaz,,gerund,
kasitvA,kas,1,gerund,
kANkzitvA,kANkz,,gerund,
kArayitvA,kf,1,gerund,caus
kAlayitvA,kal,2,gerund,caus
kASayitvA,kAS,,gerund,caus
kASitvA,kAS,,gerund,
kAzayitvA,kaz,,gerund,caus
kAsayitvA,kas,1,gerund,caus
kIrtayitvA,kIrt,,gerund,
kIrtvA,kF,1,gerund,
kucitvA,kuc,,gerund,
kuYcayitvA,kuc,,gerund,caus
kuYcitvA,kuc,,gerund,
kuwwvA,kuw,,gerund,
kuRWitvA,kuRW,,gerund,
kuRqayitvA,kuRq,,gerund,caus
kuRqitvA,kuRq,,gerund,
kutsayitvA,kuts,,gerund,
kutsitvA,kuts,,gerund,
kunTitvA,kunT,,gerund,
kupitvA,kup,1,gerund,
kultvA,kul,,gerund,
kUjitvA,kUj,,gerund,
kUtvA,kU,1,gerund,
kfttvA,kft,2,gerund,
kftvA,kf,1,gerund,
kfpayitvA,kfp,2,gerund,caus
kfptvA,kfp,2,gerund,
kfzwvA,kfz,1,gerund,
kxptvA,kxp,,gerund,
kocitvA,kuc,,gerund,
kopitvA,kup,1,gerund,
kranditvA,krand,,gerund,
kramayitvA,kram,,gerund,caus
kramitvA,kram,,gerund,
krAntvA,kram,,gerund,
krApayitvA,krI,1,gerund,caus
krAmayitvA,kram,,gerund,caus
krIqayitvA,krIq,,gerund,caus
krIqitvA,krIq,,gerund,
krItvA,krI,1,gerund,
kruYcitvA,kruYc,1,gerund,
krudDvA,kruD,1,gerund,
kruzwvA,kruS,,gerund,
kroDayitvA,kruD,1,gerund,caus
klantvA,klam,,gerund,
klAmayitvA,klam,,gerund,caus
klintvA,klid,,gerund,
kliSitvA,kliS,,gerund,
klizwvA,kliS,,gerund,
kledayitvA,klid,,gerund,caus
kleSayitvA,kliS,,gerund,caus
kleSitvA,kliS,,gerund,
kvaTitvA,kvaT,,gerund,
kvATayitvA,kvaT,,gerund,caus
kzattvA,kzad,1,gerund,
kzatvA,kzan,1,gerund,
kzanitvA,kzan,1,gerund,
kzaptvA,kzap,1,gerund,
kzamayitvA,kzam,1,gerund,caus
kzamitvA,kzam,1,gerund,
kzaritvA,kzar,,gerund,
kzAntvA,kzam,1,gerund,
kzAmayitvA,kzam,1,gerund,caus
kziptvA,kzip,1,gerund,
kzItvA,kzi,2,gerund,
kzuttvA,kzud,1,gerund,
kzutvA,kzu,1,gerund,
kzuDitvA,kzuD,1,gerund,
kzubDvA,kzuB,1,gerund,
kzuBitvA,kzuB,1,gerund,
kzepayitvA,kzip,1,gerund,caus
kzoDitvA,kzuD,1,gerund,
kzoBayitvA,kzuB,1,gerund,caus
kzoBitvA,kzuB,1,gerund,
kzveqayitvA,kzviq,2,gerund,caus
kzveqitvA,kzviq,2,gerund,
KanitvA,Kan,,gerund,
KAtvA,Kan,,gerund,
KAditvA,KAd,,gerund,
KAnayitvA,Kan,,gerund,caus
KintvA,Kid,,gerund,
KedayitvA,Kid,,gerund,caus
KelayitvA,Kel,,gerund,caus
KeltvA,Kel,,gerund,
KyAtvA,KyA,,gerund,
KyApayitvA,KyA,,gerund,caus
gaktvA,gaj,,gerund,
gaRayitvA,gaR,,gerund,
gatvA,gam,1,gerund,
gadayitvA,gad,,gerund,caus
gaditvA,gad,,gerund,
gamayitvA,gam,1,gerund,caus
garjitvA,garj,,gerund,
garditvA,gard,,gerund,
garDayitvA,gfD,,gerund,caus
garDitvA,gfD,,gerund,
garhayitvA,garh,,gerund,
garhitvA,garh,,gerund,
galitvA,gal,2,gerund,
galBitvA,galB,,gerund,
gAQvA,gAh,,gerund,
gAlayitvA,gal,2,gerund,caus
gAhitvA,gAh,,gerund,
gIrtvA,gF,2,gerund,
gIrtvA,gF,1,gerund,
guYjitvA,guYj,,gerund,
gumPitvA,gumP,,gerund,
gurtvA,gur,,gerund,
gUQvA,guh,1,gerund,
gUhayitvA,guh,1,gerund,caus
gUhitvA,guh,1,gerund,
gfdDvA,gfD,,gerund,
gfBItvA,grah,,gerund,
gfhItvA,grah,,gerund,
granTitvA,granT,1,gerund,
grasitvA,gras,1,gerund,
grastvA,gras,1,gerund,
grAhayitvA,grah,,gerund,caus
glapayitvA,glE,,gerund,caus
glAtvA,glE,,gerund,
GawayitvA,Gaw,,gerund,caus
GawitvA,Gaw,,gerund,
GawwayitvA,Gaww,,gerund,
GawwitvA,Gaww,,gerund,
GarzitvA,Gfz,2,gerund,
GAwayitvA,Gaw,,gerund,caus
GAtayitvA,han,1,gerund,caus
GuzitvA,Guz,2,gerund,
GuzwvA,Guz,2,gerund,
GUrRitvA,GUrR,,gerund,
GftvA,Gf,2,gerund,
GfzwvA,Gfz,2,gerund,
GozayitvA,Guz,2,gerund,caus
GozitvA,Guz,2,gerund,
GrAtvA,GrA,,gerund,
caYcitvA,caYc,,gerund,
cawitvA,caw,,gerund,
cantvA,cam,,gerund,
canditvA,cand,,gerund,
capayitvA,ci,2,gerund,caus
camitvA,cam,,gerund,
cayayitvA,ci,2,gerund,caus
caritvA,car,,gerund,
cartvA,car,,gerund,
calitvA,cal,,gerund,
cazwvA,cakz,,gerund,
cApayitvA,ci,2,gerund,caus
cAyayitvA,ci,2,gerund,caus
cArayitvA,car,,gerund,caus
cAlayitvA,cal,,gerund,caus
cikitsitvA,cit,4,gerund,desid
cikIrzitvA,kf,1,gerund,desid
cikIzitvA,ci,2,gerund,desid
cikrIzitvA,krI,1,gerund,desid
cicIzitvA,ci,2,gerund,desid
cittvA,cit,4,gerund,
citvA,ci,2,gerund,
cintayitvA,cint,,gerund,
cIrtvA,car,,gerund,
cukzUzitvA,kzu,1,gerund,desid
cuditvA,cud,,gerund,
cumbitvA,cumb,2,gerund,
curayitvA,cur,,gerund,
cUzwvA,cUz,,gerund,
cetayitvA,cit,4,gerund,caus
cezwayitvA,cezw,,gerund,caus
cezwitvA,cezw,,gerund,
codayitvA,cud,,gerund,caus
coditvA,cud,,gerund,
copayitvA,kup,1,gerund,caus
cyutvA,cyu,2,gerund,
CattvA,Cad,3,gerund,
CAdayitvA,Cad,3,gerund,caus
CittvA,Cid,,gerund,
CedayitvA,Cid,,gerund,caus
jagDvA,jakz,2,gerund,
janayitvA,jan,,gerund,caus
jantvA,jam,2,gerund,
japtvA,jap,,gerund,
jabDvA,jaB,2,gerund,
jabDvA,jaB,2,gerund,
jamitvA,jam,2,gerund,
jarayitvA,jF,1,gerund,caus
jalpitvA,jalp,,gerund,
jasitvA,jas,,gerund,
jastvA,jas,,gerund,
jAgarayitvA,jAgf,,gerund,caus
jAgaritvA,jAgf,,gerund,
jAtvA,jan,,gerund,
jApayitvA,ji,1,gerund,caus
jAsayitvA,jas,,gerund,caus
jigadizitvA,gad,,gerund,desid
jigamizitvA,gam,1,gerund,desid
jigIzitvA,ji,1,gerund,desid
jiGAMsitvA,han,1,gerund,desid
jiGfkzitvA,grah,,gerund,desid
jijIvizitvA,jIv,,gerund,desid
jijYAsitvA,jYA,1,gerund,desid
jitvA,ji,1,gerund,
jinvitvA,jinv,,gerund,
jihIrzitvA,hf,1,gerund,desid
jItvA,jyA,1,gerund,
jIrtvA,jF,1,gerund,
jIvitvA,jIv,,gerund,
juzwvA,juz,1,gerund,
juhUzitvA,hu,1,gerund,desid
jUtvA,jU,1,gerund,
jfmBitvA,jfmB,,gerund,
jozayitvA,juz,1,gerund,caus
jYapayitvA,jYA,1,gerund,caus
jYapitvA,jYA,1,gerund,caus
jYAtvA,jYA,1,gerund,
jYApayitvA,jYA,1,gerund,caus
jyuttvA,jyut,,gerund,
jyotayitvA,jyut,,gerund,caus
jvartvA,jvar,,gerund,
jvalayitvA,jval,,gerund,caus
jvalitvA,jval,,gerund,
qambayitvA,qamb,,gerund,
qItvA,qI,,gerund,
taktvA,tak,,gerund,
taktvA,taYc,2,gerund,
takzitvA,takz,1,gerund,
taYcitvA,taYc,2,gerund,
tatvA,tan,3,gerund,
tanitvA,tan,3,gerund,
tantvA,tan,2,gerund,
tantvA,tam,,gerund,
tapitvA,tap,2,gerund,
taptvA,tap,2,gerund,
tamitvA,tam,,gerund,
tarkayitvA,tark,,gerund,
tarjayitvA,tarj,,gerund,caus
tarjitvA,tarj,,gerund,
tarpayitvA,tfp,1,gerund,caus
tarzitvA,tfz,1,gerund,
tazwvA,takz,1,gerund,
tApayitvA,tap,2,gerund,caus
tArayitvA,tF,,gerund,caus
tiktvA,tij,,gerund,
titikzitvA,tij,,gerund,desid
titIrzitvA,tF,,gerund,desid
tIrtvA,tF,,gerund,
tuttvA,tud,1,gerund,
tuptvA,tup,,gerund,
tulayitvA,tul,,gerund,
tuzwUzitvA,stu,1,gerund,desid
tuzwvA,tuz,,gerund,
tUrtvA,tvar,,gerund,
tfttvA,tfd,,gerund,
tfptvA,tfp,1,gerund,
tejayitvA,tij,,gerund,caus
tozayitvA,tuz,,gerund,caus
tyaktvA,tyaj,1,gerund,
tyAjayitvA,tyaj,1,gerund,caus
trapayitvA,trap,,gerund,caus
trapitvA,trap,,gerund,
traptvA,trap,,gerund,
trastvA,tras,2,gerund,
trAtvA,trE,,gerund,
trAsayitvA,tras,2,gerund,caus
truwitvA,truw,,gerund,
trowayitvA,truw,,gerund,caus
trowitvA,truw,,gerund,
tvakzitvA,tvakz,,gerund,
tvarayitvA,tvar,,gerund,caus
tvaritvA,tvar,,gerund,
tvazwvA,tvakz,,gerund,
tvizitvA,tviz,1,gerund,
tvezitvA,tviz,1,gerund,
tsartvA,tsar,,gerund,
daMSitvA,daMS,2,gerund,
dakzitvA,dakz,,gerund,
dagDvA,daG,,gerund,
dagDvA,dah,1,gerund,
dattvA,dA,1,gerund,
dabDvA,daB,,gerund,
damayitvA,dam,1,gerund,caus
damitvA,dam,1,gerund,
dayitvA,day,,gerund,
darpayitvA,dfp,2,gerund,caus
darpitvA,dfp,2,gerund,
darBayitvA,dfB,2,gerund,caus
dalitvA,dal,,gerund,
dasitvA,das,,gerund,
dastvA,das,,gerund,
dAntvA,dam,1,gerund,
dApayitvA,dA,1,gerund,caus
dArayitvA,dF,,gerund,caus
dAvayitvA,du,2,gerund,caus
dASayitvA,dAS,1,gerund,caus
dAzwvA,dAS,1,gerund,
dAsayitvA,das,,gerund,caus
dAhayitvA,dah,1,gerund,caus
digDvA,dih,1,gerund,
ditvA,dA,4,gerund,
ditsitvA,dA,1,gerund,desid
diDizitvA,DA,1,gerund,desid
dIkzayitvA,dIkz,,gerund,caus
dIkzitvA,dIkz,,gerund,
dItvA,dA,1,gerund,
dIrtvA,dF,,gerund,
dugDvA,duh,2,gerund,
dutvA,du,2,gerund,
dudUzitvA,du,2,gerund,desid
dudrUzitvA,dru,2,gerund,desid
duDukzitvA,duh,2,gerund,desid
duzwvA,duz,2,gerund,
dUzayitvA,duz,2,gerund,caus
dfQvA,dfh,,gerund,
dfptvA,dfp,2,gerund,
dfbDvA,dfB,2,gerund,
dehayitvA,dih,1,gerund,caus
dohayitvA,duh,2,gerund,caus
dyutitvA,dyut,2,gerund,
dyuttvA,dyut,2,gerund,
dyotayitvA,dyut,2,gerund,caus
dyotitvA,dyut,2,gerund,
drAtvA,drA,,gerund,
drAtvA,drA,,gerund,
drApayitvA,drA,,gerund,caus
drArayitvA,druh,1,gerund,caus
drAvayitvA,dru,2,gerund,caus
drugDvA,druh,1,gerund,
drutvA,dru,2,gerund,
druhitvA,druh,1,gerund,
drUQvA,druh,1,gerund,
drohitvA,druh,1,gerund,
dvizwvA,dviz,2,gerund,
DarzayitvA,Dfz,,gerund,caus
DarzitvA,Dfz,,gerund,
DApayitvA,DA,1,gerund,caus
DArayitvA,Df,,gerund,caus
DAvitvA,DAv,2,gerund,
DAvtvA,DAv,2,gerund,
DitvA,DA,1,gerund,
DitsitvA,DA,1,gerund,desid
DItvA,DA,1,gerund,
DukzayitvA,Dukz,,gerund,caus
DukzitvA,Dukz,,gerund,
DutvA,DU,1,gerund,
DUtvA,DU,1,gerund,
DUrtvA,Dvf,,gerund,
DftvA,Df,,gerund,
DOtvA,DAv,2,gerund,
DmAtvA,Dam,,gerund,
DrutvA,Dru,1,gerund,
DvaMsayitvA,DvaMs,,gerund,caus
DvaMsitvA,DvaMs,,gerund,
DvanayitvA,Dvan,2,gerund,caus
DvanitvA,Dvan,2,gerund,
DvastvA,DvaMs,,gerund,
DvANkzitvA,DvANkz,,gerund,
DvArayitvA,Dvf,,gerund,caus
natvA,nam,,gerund,
nadayitvA,nad,,gerund,caus
naditvA,nad,,gerund,
nadDvA,nah,1,gerund,
nandayitvA,nand,,gerund,caus
nanditvA,nand,,gerund,
nartayitvA,nft,1,gerund,caus
narditvA,nard,,gerund,
naSitvA,naS,2,gerund,
nazwvA,naS,2,gerund,
nAtTvA,nAT,,gerund,
nAdayitvA,nad,,gerund,caus
nAmayitvA,nam,,gerund,caus
nAyayitvA,nI,2,gerund,caus
nASayitvA,naS,2,gerund,caus
niktvA,nij,,gerund,
ninadizitvA,nad,,gerund,desid
ninartizitvA,nft,1,gerund,desid
ninIzitvA,nI,2,gerund,desid
ninftsitvA,nft,1,gerund,desid
ninditvA,nind,,gerund,
nItvA,nI,2,gerund,
nuttvA,nud,,gerund,
nutvA,nu,4,gerund,
nfttvA,nft,1,gerund,
nejayitvA,nij,,gerund,caus
nenikzitvA,nij,,gerund,desid
nodayitvA,nud,,gerund,caus
paktvA,pac,2,gerund,
pawwvA,paw,,gerund,
paWitvA,paW,,gerund,
paRayitvA,paR,,gerund,caus
paRitvA,paR,,gerund,
patitvA,pat,2,gerund,
pattvA,pat,1,gerund,
patTvA,paT,,gerund,
parzitvA,pfz,,gerund,
pAcayitvA,pac,2,gerund,caus
pAwayitvA,paw,,gerund,caus
pAWayitvA,paW,,gerund,caus
pAtayitvA,pat,2,gerund,caus
pATayitvA,paT,,gerund,caus
pAyayitvA,pA,1,gerund,caus
pArayitvA,pf,1,gerund,caus
pArayitvA,pF,,gerund,caus
pAlayitvA,pA,3,gerund,caus
piYjitvA,piYj,,gerund,
pipakzitvA,pac,2,gerund,desid
pipaWizitvA,paW,,gerund,desid
pipatizitvA,pat,2,gerund,desid
pipAsitvA,pA,1,gerund,desid
pipAsitvA,pA,3,gerund,desid
piprIzitvA,prI,1,gerund,desid
pizwvA,piz,,gerund,
pizwvA,piS,1,gerund,
pIqayitvA,pIq,,gerund,
pItvA,pA,1,gerund,
pItvA,pA,3,gerund,
pItvA,pi,1,gerund,
putTvA,puT,,gerund,
pupUrzitvA,pF,,gerund,desid
puzwvA,puz,2,gerund,
pUjayitvA,pUj,,gerund,
pUtvA,pUy,,gerund,
pUtvA,pU,1,gerund,
pUrayitvA,pF,,gerund,caus
pUrtvA,pF,,gerund,
pfktvA,pfc,1,gerund,
pfTayitvA,pfT,2,gerund,
pfzwvA,pfz,,gerund,
poTayitvA,puT,,gerund,caus
pozayitvA,puz,2,gerund,caus
praTayitvA,praT,1,gerund,caus
praTitvA,praT,1,gerund,
prAvayitvA,pru,,gerund,caus
pritvA,pf,1,gerund,
prIRayitvA,prI,1,gerund,caus
prItvA,prI,1,gerund,
prUtvA,pru,,gerund,
plAvayitvA,plu,,gerund,caus
plutvA,plu,,gerund,
pluzwvA,pluz,,gerund,
PalitvA,Pal,,gerund,
PullitvA,Pull,,gerund,
baMhayitvA,baMh,,gerund,caus
banDayitvA,banD,,gerund,caus
banDitvA,banD,,gerund,
barhitvA,bfh,1,gerund,
bahitvA,baMh,,gerund,
bADayitvA,bAD,,gerund,caus
bADitvA,bAD,,gerund,
bIBatsitvA,bAD,,gerund,desid
budDvA,buD,,gerund,
buBukzitvA,Buj,3,gerund,desid
buButsitvA,buD,,gerund,desid
buBUzitvA,BU,1,gerund,desid
buBodizitvA,buD,,gerund,desid
buBoDizitvA,buD,,gerund,desid
bfMhayitvA,bfh,1,gerund,caus
bfQvA,bfh,1,gerund,
bfQvA,bfh,1,gerund,
boDayitvA,buD,,gerund,caus
BaktvA,Baj,,gerund,
BaktvA,BaYj,1,gerund,
BakzayitvA,Bakz,,gerund,caus
BakzitvA,Bakz,,gerund,
BaYjayitvA,BaYj,1,gerund,caus
BaRitvA,BaR,,gerund,
BaRqitvA,BaRq,,gerund,
BanditvA,Band,,gerund,
BartsayitvA,Barts,,gerund,
BazwvA,Baz,,gerund,
BasitvA,Bas,1,gerund,
BAtvA,BA,1,gerund,
BAyayitvA,BI,1,gerund,caus
BArayitvA,Bf,1,gerund,caus
BAvayitvA,BU,1,gerund,caus
BAzitvA,BAz,1,gerund,
BAsayitvA,BAs,1,gerund,caus
BAsitvA,BAs,1,gerund,
BikzitvA,Baj,,gerund,desid
BittvA,Bid,1,gerund,
BItvA,BI,1,gerund,
BIzayitvA,BI,1,gerund,caus
BuktvA,Buj,3,gerund,
BuktvA,Buj,3,gerund,
BuYjApayitvA,Buj,3,gerund,caus
BUtvA,BU,1,gerund,
BUzayitvA,BUz,,gerund,caus
BUzitvA,BUz,,gerund,
BftvA,Bf,1,gerund,
BedayitvA,Bid,1,gerund,caus
BojayitvA,Buj,3,gerund,caus
BraMSayitvA,BraMS,,gerund,caus
BraMSitvA,BraMS,,gerund,
BramitvA,Bram,,gerund,
BrazwvA,BraMS,,gerund,
BrAjayitvA,BrAj,1,gerund,caus
BrAjitvA,BrAj,1,gerund,
BrAntvA,Bram,,gerund,
BrAmayitvA,Bram,,gerund,caus
maMhayitvA,maMh,,gerund,caus
maktvA,majj,,gerund,
majjayitvA,majj,,gerund,caus
maRqayitvA,maRq,,gerund,caus
maRqitvA,maRq,,gerund,
mattvA,mad,2,gerund,
matvA,man,,gerund,
maTitvA,manT,1,gerund,
madayitvA,mad,2,gerund,caus
mandayitvA,mand,1,gerund,caus
manditvA,mand,1,gerund,
mardayitvA,mfd,1,gerund,caus
marDitvA,mfD,1,gerund,
marSayitvA,mfS,1,gerund,caus
marzayitvA,mfz,1,gerund,caus
mahayitvA,mah,1,gerund,caus
mahitvA,mah,1,gerund,
mahitvA,maMh,,gerund,
mAtvA,man,,gerund,
mAdayitvA,mad,2,gerund,caus
mAnayitvA,man,,gerund,caus
mApayitvA,mA,3,gerund,caus
mArgayitvA,mArg,,gerund,
mArjayitvA,mfj,1,gerund,caus
mArjitvA,mfj,1,gerund,
mitTvA,miT,,gerund,
mitvA,mi,1,gerund,
mitvA,mA,3,gerund,
militvA,mil,,gerund,
mizitvA,miz,1,gerund,
mizwvA,miz,1,gerund,
mIQvA,mih,1,gerund,
mItvA,mI,1,gerund,
mItvA,mA,3,gerund,
mImAMsitvA,man,,gerund,desid
mIlayitvA,mIl,,gerund,caus
mIlitvA,mIl,,gerund,
muktvA,muc,2,gerund,
mugDvA,muh,1,gerund,
muditvA,mud,2,gerund,
mumukzitvA,muc,2,gerund,desid
muzitvA,muz,2,gerund,
muhitvA,muh,1,gerund,
mUQvA,muh,1,gerund,
mUrCayitvA,mUrC,,gerund,caus
mUrCitvA,mUrC,,gerund,
mfwwvA,mfq,,gerund,
mfqayitvA,mfq,,gerund,
mfttvA,mfd,1,gerund,
mfdDvA,mfD,1,gerund,
mfzwvA,mfz,1,gerund,
mfzwvA,mfj,1,gerund,
mfzwvA,mfS,1,gerund,
melApayitvA,mil,,gerund,caus
melitvA,mil,,gerund,
mezitvA,miz,1,gerund,
mokzayitvA,mokz,,gerund,
mokzitvA,mokz,,gerund,
mocayitvA,muc,2,gerund,caus
modayitvA,mud,2,gerund,caus
moditvA,mud,2,gerund,
mozitvA,muz,2,gerund,
mohayitvA,muh,1,gerund,caus
mohitvA,muh,1,gerund,
mnAtvA,mnA,,gerund,
yatitvA,yat,2,gerund,
yattvA,yat,2,gerund,
yatvA,yam,,gerund,
yabDvA,yaB,,gerund,
yamayitvA,yam,,gerund,caus
yasitvA,yas,,gerund,
yastvA,yas,,gerund,
yAcitvA,yAc,,gerund,
yAjayitvA,yaj,1,gerund,caus
yAtayitvA,yat,2,gerund,caus
yAtvA,yA,1,gerund,
yApayitvA,yA,1,gerund,caus
yAvayitvA,yu,1,gerund,caus
yiyakzitvA,yaj,1,gerund,desid
yiyatizitvA,yat,2,gerund,desid
yiyAsitvA,yA,1,gerund,desid
yuktvA,yuj,1,gerund,
yutvA,yu,2,gerund,
yutvA,yu,1,gerund,
yudDvA,yuD,1,gerund,
yuyukzitvA,yuj,1,gerund,desid
yuyutsitvA,yuD,1,gerund,desid
yojayitvA,yuj,1,gerund,caus
raMhitvA,raMh,,gerund,
raktvA,raYj,,gerund,
rakzayitvA,rakz,1,gerund,caus
rakzitvA,rakz,1,gerund,
racayitvA,rac,,gerund,
raYjayitvA,raYj,,gerund,caus
raYjitvA,raYj,,gerund,
raRitvA,raR,2,gerund,
rattvA,rad,,gerund,
ratvA,ram,,gerund,
radDvA,raD,,gerund,
raDitvA,raD,,gerund,
ranDayitvA,raD,,gerund,caus
rabDvA,raB,,gerund,
ramayitvA,ram,,gerund,caus
ramitvA,ram,,gerund,
rahayitvA,rah,,gerund,
rAjayitvA,rAj,1,gerund,caus
rAjitvA,rAj,1,gerund,
rAtvA,rA,1,gerund,
rAdDvA,rAD,,gerund,
rADayitvA,rAD,,gerund,caus
rAmayitvA,ram,,gerund,caus
riktvA,ric,,gerund,
ripsitvA,raB,,gerund,desid
riraMsitvA,ram,,gerund,desid
rirakzizitvA,rakz,1,gerund,desid
rirADayizitvA,rAD,,gerund,desid
rizitvA,riz,1,gerund,
rizwvA,riz,1,gerund,
rItvA,ri,1,gerund,
ruktvA,ruj,1,gerund,
rucitvA,ruc,1,gerund,
rutvA,ru,1,gerund,
ruditvA,rud,1,gerund,
rudDvA,ruD,1,gerund,
rudDvA,ruD,2,gerund,
rurukzitvA,ruh,1,gerund,desid
ruzitvA,ruz,1,gerund,
ruzwvA,ruz,1,gerund,
rUQvA,ruh,1,gerund,
rUpayitvA,rUp,,gerund,
recayitvA,ric,,gerund,caus
rezayitvA,riz,1,gerund,caus
rezitvA,riz,1,gerund,
rocayitvA,ruc,1,gerund,caus
rocitvA,ruc,1,gerund,
rodayitvA,rud,1,gerund,caus
roditvA,rud,1,gerund,
roDayitvA,ruD,2,gerund,caus
ropayitvA,ruh,1,gerund,caus
rozayitvA,ruz,1,gerund,caus
rozitvA,ruz,1,gerund,
rohayitvA,ruh,1,gerund,caus
laktvA,lag,,gerund,
lakzayitvA,lakz,,gerund,
lagitvA,lag,,gerund,
laNgitvA,laNg,,gerund,
laNGayitvA,laNG,,gerund,caus
laNGitvA,laNG,,gerund,
lajjayitvA,lajj,,gerund,caus
lajjitvA,lajj,,gerund,
lapitvA,lap,1,gerund,
labDvA,laB,,gerund,
lambitvA,lamb,2,gerund,
lamBayitvA,laB,,gerund,caus
lalitvA,lal,,gerund,
lazitvA,laz,,gerund,
lasitvA,las,1,gerund,
lAYCitvA,lAYC,,gerund,
lApayitvA,lap,1,gerund,caus
lAlayitvA,lal,,gerund,caus
lAzayitvA,laz,,gerund,caus
lAsayitvA,las,1,gerund,caus
liKitvA,liK,,gerund,
liptvA,lip,,gerund,
lipsitvA,laB,,gerund,desid
lilazizitvA,laz,,gerund,desid
lizwvA,liS,1,gerund,
lIQvA,lih,1,gerund,
luptvA,lup,1,gerund,
lubDvA,luB,,gerund,
luBitvA,luB,,gerund,
lulitvA,lul,,gerund,
lUtvA,lU,1,gerund,
leKayitvA,liK,,gerund,caus
leKitvA,liK,,gerund,
lepayitvA,lip,,gerund,caus
lokayitvA,lok,,gerund,
lokitvA,lok,,gerund,
locitvA,loc,,gerund,
loBayitvA,luB,,gerund,caus
loBitvA,luB,,gerund,
lolitvA,lul,,gerund,
vaNktvA,vaYc,,gerund,
vaYcayitvA,vaYc,,gerund,caus
vaYcitvA,vaYc,,gerund,
vatvA,van,1,gerund,
vaditvA,vad,,gerund,
vanditvA,vand,,gerund,
varayitvA,vf,2,gerund,caus
varitvA,vf,2,gerund,
varItvA,vf,2,gerund,
varjayitvA,vfj,1,gerund,caus
vartayitvA,vft,1,gerund,caus
varDayitvA,vfD,,gerund,caus
varDitvA,vfD,,gerund,
varzayitvA,vfz,,gerund,caus
varzitvA,vfz,,gerund,
varhitvA,vfh,1,gerund,
valayitvA,val,,gerund,caus
valitvA,val,,gerund,
valgitvA,valg,,gerund,
vasitvA,vas,5,gerund,
vasitvA,vas,4,gerund,
vasitvA,vas,2,gerund,
vAcayitvA,vac,,gerund,caus
vAYCitvA,vAYC,,gerund,
vAtvA,vA,2,gerund,
vAdayitvA,vad,,gerund,caus
vAntvA,vam,,gerund,
vApayitvA,vA,2,gerund,caus
vApayitvA,vap,2,gerund,caus
vArayitvA,vf,2,gerund,caus
vAsayitvA,vas,5,gerund,caus
vAsayitvA,vas,4,gerund,caus
vAhayitvA,vah,1,gerund,caus
viktvA,vic,,gerund,
viktvA,vij,1,gerund,
vittvA,vid,5,gerund,
viditvA,vid,3,gerund,
vidDvA,viD,2,gerund,
vidDvA,vyaD,,gerund,
vipitvA,vip,1,gerund,
vivakzitvA,vac,,gerund,desid
vivatsitvA,vas,5,gerund,desid
vivikzitvA,vic,,gerund,desid
vivikzitvA,viS,1,gerund,desid
vivitsitvA,vid,3,gerund,desid
vividizitvA,vid,3,gerund,desid
vizwvA,viz,1,gerund,
vizwvA,viS,1,gerund,
vIktvA,vIj,,gerund,
vItvA,vI,1,gerund,
vfktvA,vfj,1,gerund,
vfQvA,vfh,1,gerund,
vfttvA,vft,1,gerund,
vftvA,vf,2,gerund,
vftvA,vf,2,gerund,
vfdDvA,vfD,,gerund,
vfzwvA,vfz,,gerund,
vfzwvA,vraSc,,gerund,
vecayitvA,vic,,gerund,caus
vejayitvA,vij,1,gerund,caus
vedayitvA,vid,3,gerund,caus
veditvA,vid,3,gerund,
venitvA,ven,,gerund,
vepayitvA,vip,1,gerund,caus
vepitvA,vip,1,gerund,
veSayitvA,viS,1,gerund,caus
vezayitvA,viz,1,gerund,caus
vezwayitvA,vezw,,gerund,caus
vezwitvA,vezw,,gerund,
vyaTayitvA,vyaT,,gerund,caus
vyaTitvA,vyaT,,gerund,
vyADayitvA,vyaD,,gerund,caus
vrajitvA,vraj,,gerund,
vraScayitvA,vraSc,,gerund,caus
vrIqitvA,vrIq,,gerund,
SaMsayitvA,SaMs,,gerund,caus
SaMsitvA,SaMs,,gerund,
SaktvA,Sak,,gerund,
SaNkitvA,SaNk,,gerund,
SattvA,Sad,2,gerund,
SapitvA,Sap,3,gerund,
SaptvA,Sap,3,gerund,
SamayitvA,Sam,1,gerund,caus
SayitvA,SI,1,gerund,
SaltvA,Sal,1,gerund,
SasitvA,Sas,1,gerund,
SastvA,Sas,1,gerund,
SastvA,SaMs,,gerund,
SAtayitvA,Sad,2,gerund,caus
SAdayitvA,Sad,2,gerund,caus
SApayitvA,Sap,3,gerund,caus
SAyayitvA,SI,1,gerund,caus
SAsitvA,SAs,1,gerund,
SAstvA,SAs,1,gerund,
SikzitvA,Sak,,gerund,desid
SiSayizitvA,SI,1,gerund,desid
SizwvA,Siz,2,gerund,
SizwvA,SAs,1,gerund,
SIrtvA,SF,,gerund,
SIlayitvA,SIl,1,gerund,caus
SIltvA,SIl,1,gerund,
SuktvA,Suc,1,gerund,
SudDvA,SuD,,gerund,
SubDvA,SuB,1,gerund,
SumBitvA,SumB,2,gerund,
SuSrUzitvA,Sru,1,gerund,desid
SezayitvA,Siz,2,gerund,caus
SocayitvA,Suc,1,gerund,caus
SoDayitvA,SuD,,gerund,caus
SoBayitvA,SuB,1,gerund,caus
SrabDvA,SramB,,gerund,
SramitvA,Sram,1,gerund,
SramBitvA,SramB,,gerund,
SrAntvA,Sram,1,gerund,
SrAmayitvA,Sram,1,gerund,caus
SrAvayitvA,Sru,1,gerund,caus
SritvA,Sri,1,gerund,
SrutvA,Sru,1,gerund,
SlAGitvA,SlAG,,gerund,
SlizwvA,Sliz,2,gerund,
SlezayitvA,Sliz,2,gerund,caus
SvasitvA,Svas,1,gerund,
SvittvA,Svit,1,gerund,
zWIvitvA,zWIv,,gerund,
zWIvtvA,zWIv,,gerund,
saktvA,sac,1,gerund,
sajjayitvA,saYj,2,gerund,caus
saYjitvA,saYj,2,gerund,
sattvA,sad,2,gerund,
saptvA,sap,1,gerund,
sarjayitvA,sfj,1,gerund,caus
sarpayitvA,sfp,,gerund,caus
sahitvA,sah,1,gerund,
sAQvA,sah,1,gerund,
sAtvA,san,1,gerund,
sAdayitvA,sad,2,gerund,caus
sAdayitvA,svad,,gerund,caus
sADayitvA,siD,3,gerund,caus
sAnayitvA,san,1,gerund,caus
sApayitvA,sap,1,gerund,caus
sArayitvA,sf,,gerund,caus
siktvA,sic,1,gerund,
sidDvA,siD,3,gerund,
sidDvA,siD,2,gerund,
siDitvA,siD,3,gerund,
siDitvA,siD,2,gerund,
sisAnayizitvA,san,1,gerund,desid
sisfkzitvA,sfj,1,gerund,desid
sismayizitvA,smi,,gerund,desid
sutvA,su,3,gerund,
sutvA,sU,2,gerund,
suptvA,svap,1,gerund,
surtvA,sur,,gerund,
sUcayitvA,sUc,,gerund,
sUtvA,sU,2,gerund,
sftvA,sf,,gerund,
sfptvA,sfp,,gerund,
sfzwvA,sfj,1,gerund,
secayitvA,sic,1,gerund,caus
seDitvA,siD,3,gerund,
seDitvA,siD,2,gerund,
sevitvA,sev,,gerund,
soQvA,sah,1,gerund,
skanttvA,skand,,gerund,
skandayitvA,skand,,gerund,caus
skamBitvA,skamB,,gerund,
sKalayitvA,sKal,,gerund,caus
sKalitvA,sKal,,gerund,
sKAlayitvA,sKal,,gerund,caus
stanitvA,stan,,gerund,
stabDvA,stamB,,gerund,
stamBayitvA,stamB,,gerund,caus
stamBitvA,stamB,,gerund,
stAvayitvA,stu,1,gerund,caus
stIrtvA,stF,1,gerund,
stutvA,stu,1,gerund,
stubDvA,stuB,1,gerund,
stuBitvA,stuB,1,gerund,
stftvA,stF,1,gerund,
stoBitvA,stuB,1,gerund,
sTApayitvA,sTA,1,gerund,caus
sTitvA,sTA,1,gerund,
snAtvA,snA,1,gerund,
snigDvA,snih,1,gerund,
snihitvA,snih,1,gerund,
snIQvA,snih,1,gerund,
snugDvA,snuh,1,gerund,
snutvA,snu,1,gerund,
snuhitvA,snuh,1,gerund,
snUQvA,snuh,1,gerund,
snehayitvA,snih,1,gerund,caus
snehitvA,snih,1,gerund,
snohitvA,snuh,1,gerund,
spandayitvA,spand,,gerund,caus
spanditvA,spand,,gerund,
sparDitvA,sparD,,gerund,
spfzwvA,spfS,1,gerund,
spfhayitvA,spfh,1,gerund,
sPaltvA,sPal,,gerund,
sPuwitvA,sPuw,,gerund,
sPuritvA,sPur,1,gerund,
sPowitvA,sPuw,,gerund,
sPoritvA,sPur,1,gerund,
smAyayitvA,smi,,gerund,caus
smArayitvA,smf,2,gerund,caus
smitvA,smi,,gerund,
smftvA,smf,2,gerund,
syattvA,syand,,gerund,
syanttvA,syand,,gerund,
sraMsitvA,sraMs,1,gerund,
sraMstvA,sraMs,1,gerund,
srAvayitvA,sru,,gerund,caus
srutvA,sru,,gerund,
svaYjayitvA,svaYj,,gerund,caus
svaYjitvA,svaYj,,gerund,
svaditvA,svad,,gerund,
svanayitvA,svan,1,gerund,caus
svanitvA,svan,1,gerund,
svaritvA,svar,2,gerund,
svartvA,svar,2,gerund,
svAdayitvA,svad,,gerund,caus
svittvA,svid,2,gerund,
svedayitvA,svid,2,gerund,caus
hawWvA,haW,,gerund,
hattvA,had,,gerund,
hatvA,han,1,gerund,
harzayitvA,hfz,,gerund,caus
harzitvA,hfz,,gerund,
hasitvA,has,1,gerund,
hAtvA,hA,3,gerund,
hAtvA,hA,3,gerund,
hArayitvA,hf,1,gerund,caus
hAsayitvA,has,1,gerund,caus
hiMsitvA,hiMs,1,gerund,
hikkitvA,hikk,,gerund,
hitvA,hi,1,gerund,
hitvA,DA,1,gerund,
hItvA,hA,3,gerund,
huRqitvA,huRq,,gerund,
hutvA,hu,1,gerund,
hftvA,hf,1,gerund,
hfzwvA,hfz,,gerund,
hnUtvA,hnu,,gerund,
hrasitvA,hras,,gerund,
hrAdayitvA,hrAd,,gerund,caus
hrAditvA,hrAd,,gerund,
hrAsayitvA,hras,,gerund,caus
hrItvA,hrI,1,gerund,
hrepayitvA,hrI,1,gerund,caus
hlAdayitvA,hlAd,,gerund,caus
hlAditvA,hlAd,,gerund,
hvalitvA,hval,,gerund,
akzitum,akz,,infinitive,
aNktum,aYj,,infinitive,
aNgitum,aNg,,infinitive,
ajitum,aj,,infinitive,
aYcayitum,aYc,1,infinitive,caus
aYcitum,aYc,1,infinitive,
aYjayitum,aYj,,infinitive,caus
aYjitum,aYj,,infinitive,
awitum,aw,,infinitive,
atitum,at,2,infinitive,
attum,ad,1,infinitive,
anitum,an,2,infinitive,
aninizitum,an,2,infinitive,desid
aririzitum,f,4,infinitive,desid
arjayitum,fj,,infinitive,caus
arjitum,fj,,infinitive,
artum,f,4,infinitive,
arTayitum,arT,,infinitive,
arditum,ard,,infinitive,
arDayitum,fD,,infinitive,caus
arDitum,fD,,infinitive,
arpayitum,f,4,infinitive,caus
arzitum,fz,2,infinitive,
arhayitum,arh,,infinitive,caus
arhitum,arh,,infinitive,
avitum,av,,infinitive,
azwum,akz,,infinitive,
asitum,as,1,infinitive,
asitum,as,2,infinitive,
Adayitum,ad,1,infinitive,caus
Anayitum,an,2,infinitive,caus
Apayitum,Ap,1,infinitive,caus
Aptum,Ap,1,infinitive,
Avayitum,av,,infinitive,caus
Asayitum,As,2,infinitive,caus
Asayitum,as,2,infinitive,caus
Asitum,As,2,infinitive,
iNgayitum,iNg,,infinitive,caus
inditum,ind,,infinitive,
inDitum,inD,,infinitive,
ilayitum,il,,infinitive,caus
izayitum,iz,3,infinitive,caus
izayitum,iz,1,infinitive,caus
Ikzitum,Ikz,,infinitive,
INKayitum,INK,,infinitive,caus
INKitum,INK,,infinitive,
Iqitum,Iq,1,infinitive,
Ipsitum,Ap,1,infinitive,desid
Irayitum,Ir,,infinitive,caus
Iritum,Ir,,infinitive,
ISitum,IS,1,infinitive,
Izitum,Iz,1,infinitive,
Ihitum,Ih,,infinitive,
ucitum,uc,,infinitive,
ujJitum,ujJ,,infinitive,
uYCitum,uYC,,infinitive,
unditum,und,2,infinitive,
Uhitum,Uh,2,infinitive,
ejayitum,ej,,infinitive,caus
ejitum,ej,,infinitive,
etum,i,5,infinitive,
eDayitum,eD,,infinitive,caus
eDitum,eD,,infinitive,
elayitum,il,,infinitive,caus
elitum,il,,infinitive,
ezitum,iz,3,infinitive,
ezitum,iz,1,infinitive,
ezwum,iz,3,infinitive,
ozitum,uz,1,infinitive,
kaRqayitum,kaRq,,infinitive,
katTitum,katT,,infinitive,
kaTayitum,kaT,,infinitive,
kampayitum,kamp,,infinitive,caus
kampitum,kamp,,infinitive,
karitum,kF,1,infinitive,
karItum,kF,1,infinitive,
kartitum,kft,2,infinitive,
kartum,kf,1,infinitive,
karttum,kft,2,infinitive,
karpitum,kfp,2,infinitive,
karptum,kfp,2,infinitive,
karSayitum,kfS,,infinitive,caus
karSitum,kfS,,infinitive,
karzayitum,kfz,1,infinitive,caus
karzwum,kfz,1,infinitive,
kalayitum,kal,2,infinitive,
kalpayitum,kxp,,infinitive,caus
kalpitum,kxp,,infinitive,
kalptum,kxp,,infinitive,
kavitum,kU,1,infinitive,
kazitum,kaz,,infinitive,
kasitum,kas,1,infinitive,
kANkzitum,kANkz,,infinitive,
kArayitum,kf,1,infinitive,caus
kAlayitum,kal,2,infinitive,caus
kASayitum,kAS,,infinitive,caus
kASitum,kAS,,infinitive,
kAzayitum,kaz,,infinitive,caus
kAsayitum,kas,1,infinitive,caus
kIrtayitum,kIrt,,infinitive,
kuYcayitum,kuc,,infinitive,caus
kuRWitum,kuRW,,infinitive,
kuRqayitum,kuRq,,infinitive,caus
kuRqitum,kuRq,,infinitive,
kutsayitum,kuts,,infinitive,
kutsitum,kuts,,infinitive,
kunTitum,kunT,,infinitive,
kUjitum,kUj,,infinitive,
kfpayitum,kfp,2,infinitive,caus
kocitum,kuc,,infinitive,
kowitum,kuw,,infinitive,
kopitum,kup,1,infinitive,
kolitum,kul,,infinitive,
krantum,kram,,infinitive,
kranditum,krand,,infinitive,
kramayitum,kram,,infinitive,caus
kramitum,kram,,infinitive,
krazwum,kfz,1,infinitive,
krApayitum,krI,1,infinitive,caus
krAmayitum,kram,,infinitive,caus
krIqayitum,krIq,,infinitive,caus
krIqitum,krIq,,infinitive,
kruYcitum,kruYc,1,infinitive,
kretum,krI,1,infinitive,
krodDum,kruD,1,infinitive,
kroDayitum,kruD,1,infinitive,caus
krozwum,kruS,,infinitive,
klamitum,klam,,infinitive,
klAmayitum,klam,,infinitive,caus
klettum,klid,,infinitive,
kledayitum,klid,,infinitive,caus
kleditum,klid,,infinitive,
kleSayitum,kliS,,infinitive,caus
kleSitum,kliS,,infinitive,
kvaTitum,kvaT,,infinitive,
kvATayitum,kvaT,,infinitive,caus
kzaditum,kzad,1,infinitive,
kzanitum,kzan,1,infinitive,
kzantum,kzam,1,infinitive,
kzapitum,kzap,1,infinitive,
kzamayitum,kzam,1,infinitive,caus
kzamitum,kzam,1,infinitive,
kzaritum,kzar,,infinitive,
kzavitum,kzu,1,infinitive,
kzAmayitum,kzam,1,infinitive,caus
kzetum,kzi,2,infinitive,
kzepayitum,kzip,1,infinitive,caus
kzeptum,kzip,1,infinitive,
kzottum,kzud,1,infinitive,
kzodDum,kzuD,1,infinitive,
kzoBayitum,kzuB,1,infinitive,caus
kzoBitum,kzuB,1,infinitive,
kzveqayitum,kzviq,2,infinitive,caus
kzveqitum,kzviq,2,infinitive,
Kanitum,Kan,,infinitive,
KAditum,KAd,,infinitive,
KAnayitum,Kan,,infinitive,caus
Kettum,Kid,,infinitive,
Kedayitum,Kid,,infinitive,caus
Kelayitum,Kel,,infinitive,caus
Kelitum,Kel,,infinitive,
KyAtum,KyA,,infinitive,
KyApayitum,KyA,,infinitive,caus
gajitum,gaj,,infinitive,
gaRayitum,gaR,,infinitive,
gadayitum,gad,,infinitive,caus
gaditum,gad,,infinitive,
gantum,gam,1,infinitive,
gamayitum,gam,1,infinitive,caus
garitum,gF,1,infinitive,
garItum,gF,1,infinitive,
garjitum,garj,,infinitive,
garditum,gard,,infinitive,
garDayitum,gfD,,infinitive,caus
garDitum,gfD,,infinitive,
garhayitum,garh,,infinitive,
garhitum,garh,,infinitive,
galitum,gal,2,infinitive,
galBitum,galB,,infinitive,
gAtum,gA,1,infinitive,
gAlayitum,gal,2,infinitive,caus
gAhitum,gAh,,infinitive,
giritum,gF,2,infinitive,
guYjitum,guYj,,infinitive,
gumPitum,gumP,,infinitive,
gUhayitum,guh,1,infinitive,caus
gUhitum,guh,1,infinitive,
goQum,guh,1,infinitive,
goritum,gur,,infinitive,
granTitum,granT,1,infinitive,
grasitum,gras,1,infinitive,
grahItum,grah,,infinitive,
grAhayitum,grah,,infinitive,caus
glapayitum,glE,,infinitive,caus
glAtum,glE,,infinitive,
Gawayitum,Gaw,,infinitive,caus
Gawitum,Gaw,,infinitive,
Gawwayitum,Gaww,,infinitive,
Gawwitum,Gaww,,infinitive,
Gartum,Gf,2,infinitive,
Garzitum,Gfz,2,infinitive,
GAwayitum,Gaw,,infinitive,caus
GAtayitum,han,1,infinitive,caus
GUrRitum,GUrR,,infinitive,
Gozayitum,Guz,2,infinitive,caus
Gozitum,Guz,2,infinitive,
Gozwum,Guz,2,infinitive,
GrAtum,GrA,,infinitive,
cakzitum,cakz,,infinitive,
caYcitum,caYc,,infinitive,
cawitum,caw,,infinitive,
canditum,cand,,infinitive,
capayitum,ci,2,infinitive,caus
camitum,cam,,infinitive,
cayayitum,ci,2,infinitive,caus
caritum,car,,infinitive,
cartum,car,,infinitive,
calitum,cal,,infinitive,
cApayitum,ci,2,infinitive,caus
cAyayitum,ci,2,infinitive,caus
cArayitum,car,,infinitive,caus
cAlayitum,cal,,infinitive,caus
cikitsitum,cit,4,infinitive,desid
cikIrzitum,kf,1,infinitive,desid
cikIzitum,ci,2,infinitive,desid
cikrIzitum,krI,1,infinitive,desid
cicIzitum,ci,2,infinitive,desid
cintayitum,cint,,infinitive,
cukzUzitum,kzu,1,infinitive,desid
cumbitum,cumb,2,infinitive,
cUzitum,cUz,,infinitive,
cetayitum,cit,4,infinitive,caus
cetitum,cit,4,infinitive,
cetum,ci,2,infinitive,
cezwayitum,cezw,,infinitive,caus
cezwitum,cezw,,infinitive,
codayitum,cud,,infinitive,caus
copayitum,kup,1,infinitive,caus
corayitum,cur,,infinitive,
cyotum,cyu,2,infinitive,
Caditum,Cad,3,infinitive,
CAdayitum,Cad,3,infinitive,caus
Cettum,Cid,,infinitive,
Cedayitum,Cid,,infinitive,caus
jagDum,jakz,2,infinitive,
janayitum,jan,,infinitive,caus
janitum,jan,,infinitive,
japitum,jap,,infinitive,
jaBitum,jaB,2,infinitive,
jaBitum,jaB,2,infinitive,
jamitum,jam,2,infinitive,
jayitum,ji,1,infinitive,
jarayitum,jF,1,infinitive,caus
jaritum,jF,1,infinitive,
jarItum,jF,1,infinitive,
jalpitum,jalp,,infinitive,
javitum,jU,1,infinitive,
jasitum,jas,,infinitive,
jahitum,hA,3,infinitive,
jAgarayitum,jAgf,,infinitive,caus
jAgartum,jAgf,,infinitive,
jAtum,jan,,infinitive,
jApayitum,ji,1,infinitive,caus
jAsayitum,jas,,infinitive,caus
jigadizitum,gad,,infinitive,desid
jigamizitum,gam,1,infinitive,desid
jigIzitum,ji,1,infinitive,desid
jiGAMsitum,han,1,infinitive,desid
jiGfkzitum,grah,,infinitive,desid
jijIvizitum,jIv,,infinitive,desid
jijYAsitum,jYA,1,infinitive,desid
jinvitum,jinv,,infinitive,
jihIrzitum,hf,1,infinitive,desid
jIvitum,jIv,,infinitive,
juhUzitum,hu,1,infinitive,desid
jfmBitum,jfmB,,infinitive,
jetum,ji,1,infinitive,
jozayitum,juz,1,infinitive,caus
jozitum,juz,1,infinitive,
jYapayitum,jYA,1,infinitive,caus
jYAtum,jYA,1,infinitive,
jYApayitum,jYA,1,infinitive,caus
jYAptum,jYA,1,infinitive,caus
jyAtum,jyA,1,infinitive,
jyotayitum,jyut,,infinitive,caus
jyotitum,jyut,,infinitive,
jvaritum,jvar,,infinitive,
jvalayitum,jval,,infinitive,caus
jvalitum,jval,,infinitive,
qambayitum,qamb,,infinitive,
qayitum,qI,,infinitive,
takitum,tak,,infinitive,
takzitum,takz,1,infinitive,
taNktum,taYc,2,infinitive,
taYcitum,taYc,2,infinitive,
tanitum,tan,3,infinitive,
tanitum,tan,2,infinitive,
tapitum,tap,2,infinitive,
taptum,tap,2,infinitive,
tamitum,tam,,infinitive,
taritum,tF,,infinitive,
tarItum,tF,,infinitive,
tarkayitum,tark,,infinitive,
tarjayitum,tarj,,infinitive,caus
tarjitum,tarj,,infinitive,
tarditum,tfd,,infinitive,
tarpayitum,tfp,1,infinitive,caus
tarptum,tfp,1,infinitive,
tarzitum,tfz,1,infinitive,
tApayitum,tap,2,infinitive,caus
tArayitum,tF,,infinitive,caus
titikzitum,tij,,infinitive,desid
titIrzitum,tF,,infinitive,desid
tulayitum,tul,,infinitive,
tuzwUzitum,stu,1,infinitive,desid
tejayitum,tij,,infinitive,caus
tejitum,tij,,infinitive,
tottum,tud,1,infinitive,
topitum,tup,,infinitive,
tolayitum,tul,,infinitive,
tozayitum,tuz,,infinitive,caus
tozwum,tuz,,infinitive,
tyaktum,tyaj,1,infinitive,
tyajitum,tyaj,1,infinitive,
tyAjayitum,tyaj,1,infinitive,caus
trapayitum,trap,,infinitive,caus
trapitum,trap,,infinitive,
trasitum,tras,2,infinitive,
trAtum,trE,,infinitive,
trAsayitum,tras,2,infinitive,caus
trowayitum,truw,,infinitive,caus
trowitum,truw,,infinitive,
tvakzitum,tvakz,,infinitive,
tvarayitum,tvar,,infinitive,caus
tvaritum,tvar,,infinitive,
tvezwum,tviz,1,infinitive,
tsaritum,tsar,,infinitive,
daMSitum,daMS,2,infinitive,
dakzitum,dakz,,infinitive,
dagDum,dah,1,infinitive,
daGitum,daG,,infinitive,
daBitum,daB,,infinitive,
damayitum,dam,1,infinitive,caus
damitum,dam,1,infinitive,
dayitum,day,,infinitive,
daritum,dF,,infinitive,
darItum,dF,,infinitive,
darpayitum,dfp,2,infinitive,caus
darpitum,dfp,2,infinitive,
darptum,dfp,2,infinitive,
darBayitum,dfB,2,infinitive,caus
darBitum,dfB,2,infinitive,
darhitum,dfh,,infinitive,
dalitum,dal,,infinitive,
dasitum,das,,infinitive,
dahitum,dah,1,infinitive,
dAtum,dA,1,infinitive,
dAtum,dA,4,infinitive,
dAtum,dA,1,infinitive,
dApayitum,dA,1,infinitive,caus
dArayitum,dF,,infinitive,caus
dAvayitum,du,2,infinitive,caus
dASayitum,dAS,1,infinitive,caus
dASitum,dAS,1,infinitive,
dAsayitum,das,,infinitive,caus
dAhayitum,dah,1,infinitive,caus
ditsitum,dA,1,infinitive,desid
diDizitum,DA,1,infinitive,desid
dIkzayitum,dIkz,,infinitive,caus
dIkzitum,dIkz,,infinitive,
dudUzitum,du,2,infinitive,desid
dudrUzitum,dru,2,infinitive,desid
duDukzitum,duh,2,infinitive,desid
dUzayitum,duz,2,infinitive,caus
degDum,dih,1,infinitive,
dehayitum,dih,1,infinitive,caus
dogDum,duh,2,infinitive,
dotum,du,2,infinitive,
dozwum,duz,2,infinitive,
dohayitum,duh,2,infinitive,caus
dyotayitum,dyut,2,infinitive,caus
dyotitum,dyut,2,infinitive,
drAtum,drA,,infinitive,
drAtum,drA,,infinitive,
drApayitum,drA,,infinitive,caus
drArayitum,druh,1,infinitive,caus
drAvayitum,dru,2,infinitive,caus
drogDum,druh,1,infinitive,
drotum,dru,2,infinitive,
drohitum,druh,1,infinitive,
dvezwum,dviz,2,infinitive,
Dartum,Df,,infinitive,
Darzayitum,Dfz,,infinitive,caus
Darzitum,Dfz,,infinitive,
Davitum,DU,1,infinitive,
DAtum,DA,1,infinitive,
DAtum,DA,1,infinitive,
DApayitum,DA,1,infinitive,caus
DArayitum,Df,,infinitive,caus
DAritum,Df,,infinitive,caus
DAvitum,DAv,2,infinitive,
DAvitum,DAv,2,infinitive,
Ditsitum,DA,1,infinitive,desid
Dukzayitum,Dukz,,infinitive,caus
Dukzitum,Dukz,,infinitive,
DmAtum,Dam,,infinitive,
Drotum,Dru,1,infinitive,
DvaMsayitum,DvaMs,,infinitive,caus
DvaMsitum,DvaMs,,infinitive,
Dvanayitum,Dvan,2,infinitive,caus
Dvanitum,Dvan,2,infinitive,
Dvartum,Dvf,,infinitive,
DvANkzitum,DvANkz,,infinitive,
DvArayitum,Dvf,,infinitive,caus
naMzwum,naS,2,infinitive,
nadayitum,nad,,infinitive,caus
naditum,nad,,infinitive,
nadDum,nah,1,infinitive,
nantum,nam,,infinitive,
nandayitum,nand,,infinitive,caus
nanditum,nand,,infinitive,
namitum,nam,,infinitive,
nayitum,nI,2,infinitive,
nartayitum,nft,1,infinitive,caus
nartitum,nft,1,infinitive,
narttum,nft,1,infinitive,
narditum,nard,,infinitive,
navitum,nu,4,infinitive,
naSitum,naS,2,infinitive,
nazwum,naS,2,infinitive,
nATitum,nAT,,infinitive,
nAdayitum,nad,,infinitive,caus
nAmayitum,nam,,infinitive,caus
nAyayitum,nI,2,infinitive,caus
nASayitum,naS,2,infinitive,caus
niYjitum,nij,,infinitive,
ninadizitum,nad,,infinitive,desid
ninartizitum,nft,1,infinitive,desid
ninIzitum,nI,2,infinitive,desid
ninftsitum,nft,1,infinitive,desid
ninditum,nind,,infinitive,
nektum,nij,,infinitive,
nejayitum,nij,,infinitive,caus
netum,nI,2,infinitive,
nenikzitum,nij,,infinitive,desid
nottum,nud,,infinitive,
nodayitum,nud,,infinitive,caus
paktum,pac,2,infinitive,
pawitum,paw,,infinitive,
paWitum,paW,,infinitive,
paRayitum,paR,,infinitive,caus
paRitum,paR,,infinitive,
patitum,pat,2,infinitive,
paTitum,paT,,infinitive,
parcitum,pfc,1,infinitive,
partum,pf,1,infinitive,
parTayitum,pfT,2,infinitive,
parzitum,pfz,,infinitive,
pavitum,pU,1,infinitive,
pAcayitum,pac,2,infinitive,caus
pAwayitum,paw,,infinitive,caus
pAWayitum,paW,,infinitive,caus
pAtayitum,pat,2,infinitive,caus
pAtum,pA,1,infinitive,
pAtum,pA,3,infinitive,
pATayitum,paT,,infinitive,caus
pAyayitum,pA,1,infinitive,caus
pArayitum,pf,1,infinitive,caus
pArayitum,pF,,infinitive,caus
pAlayitum,pA,3,infinitive,caus
piYjitum,piYj,,infinitive,
pipakzitum,pac,2,infinitive,desid
pipaWizitum,paW,,infinitive,desid
pipatizitum,pat,2,infinitive,desid
pipAsitum,pA,1,infinitive,desid
pipAsitum,pA,3,infinitive,desid
piprIzitum,prI,1,infinitive,desid
pIqayitum,pIq,,infinitive,
pupUrzitum,pF,,infinitive,desid
pUjayitum,pUj,,infinitive,
pUyitum,pUy,,infinitive,
pUrayitum,pF,,infinitive,caus
pUritum,pF,,infinitive,
petum,pi,1,infinitive,
peSitum,piS,1,infinitive,
pezwum,piz,,infinitive,
poTayitum,puT,,infinitive,caus
poTitum,puT,,infinitive,
pozayitum,puz,2,infinitive,caus
pozwum,puz,2,infinitive,
praTayitum,praT,1,infinitive,caus
praTitum,praT,1,infinitive,
prAvayitum,pru,,infinitive,caus
prIRayitum,prI,1,infinitive,caus
pretum,prI,1,infinitive,
protum,pru,,infinitive,
plAvayitum,plu,,infinitive,caus
plotum,plu,,infinitive,
plozitum,pluz,,infinitive,
Palitum,Pal,,infinitive,
Pullitum,Pull,,infinitive,
baMhayitum,baMh,,infinitive,caus
baMhitum,baMh,,infinitive,
bandDum,banD,,infinitive,
banDayitum,banD,,infinitive,caus
banDitum,banD,,infinitive,
barhitum,bfh,1,infinitive,
barhitum,bfh,1,infinitive,
balitum,bal,2,infinitive,
bADayitum,bAD,,infinitive,caus
bADitum,bAD,,infinitive,
bIBatsitum,bAD,,infinitive,desid
buBukzitum,Buj,3,infinitive,desid
buButsitum,buD,,infinitive,desid
buBUzitum,BU,1,infinitive,desid
buBodizitum,buD,,infinitive,desid
buBoDizitum,buD,,infinitive,desid
bfMhayitum,bfh,1,infinitive,caus
bodDum,buD,,infinitive,
boDayitum,buD,,infinitive,caus
Baktum,Baj,,infinitive,
Bakzayitum,Bakz,,infinitive,caus
Bakzitum,Bakz,,infinitive,
BaNktum,BaYj,1,infinitive,
Bajitum,Baj,,infinitive,
BaYjayitum,BaYj,1,infinitive,caus
BaRitum,BaR,,infinitive,
BaRqitum,BaRq,,infinitive,
Banditum,Band,,infinitive,
Bartum,Bf,1,infinitive,
Bartsayitum,Barts,,infinitive,
Bavitum,BU,1,infinitive,
Bazwum,Baz,,infinitive,
Basitum,Bas,1,infinitive,
BAtum,BA,1,infinitive,
BAyayitum,BI,1,infinitive,caus
BArayitum,Bf,1,infinitive,caus
BAvayitum,BU,1,infinitive,caus
BAvitum,BU,1,infinitive,caus
BAzitum,BAz,1,infinitive,
BAzwum,BAz,1,infinitive,
BAsayitum,BAs,1,infinitive,caus
BAsitum,BAs,1,infinitive,
Bikzitum,Baj,,infinitive,desid
BIzayitum,BI,1,infinitive,caus
BuYjApayitum,Buj,3,infinitive,caus
BUzayitum,BUz,,infinitive,caus
BUzitum,BUz,,infinitive,
Betum,BI,1,infinitive,
Bettum,Bid,1,infinitive,
Bedayitum,Bid,1,infinitive,caus
Boktum,Buj,3,infinitive,
Boktum,Buj,3,infinitive,
Bojayitum,Buj,3,infinitive,caus
BraMSayitum,BraMS,,infinitive,caus
BraMSitum,BraMS,,infinitive,
Bramitum,Bram,,infinitive,
BrAjayitum,BrAj,1,infinitive,caus
BrAjitum,BrAj,1,infinitive,
BrAmayitum,Bram,,infinitive,caus
maMhayitum,maMh,,infinitive,caus
maMhitum,maMh,,infinitive,
maNktum,majj,,infinitive,
majjayitum,majj,,infinitive,caus
majjitum,majj,,infinitive,
maRqayitum,maRq,,infinitive,caus
maRqitum,maRq,,infinitive,
madayitum,mad,2,infinitive,caus
maditum,mad,2,infinitive,
manitum,man,,infinitive,
mantum,man,,infinitive,
manTitum,manT,1,infinitive,
mandayitum,mand,1,infinitive,caus
manditum,mand,1,infinitive,
marqitum,mfq,,infinitive,
mardayitum,mfd,1,infinitive,caus
marditum,mfd,1,infinitive,
marDitum,mfD,1,infinitive,
marSayitum,mfS,1,infinitive,caus
marzayitum,mfz,1,infinitive,caus
marzitum,mfz,1,infinitive,
marzwum,mfS,1,infinitive,
mahayitum,mah,1,infinitive,caus
mahitum,mah,1,infinitive,
mAtum,mA,3,infinitive,
mAtum,mA,3,infinitive,
mAdayitum,mad,2,infinitive,caus
mAnayitum,man,,infinitive,caus
mApayitum,mA,3,infinitive,caus
mArgayitum,mArg,,infinitive,
mArjayitum,mfj,1,infinitive,caus
mArjitum,mfj,1,infinitive,
mArzwum,mfj,1,infinitive,
militum,mil,,infinitive,
mImAMsitum,man,,infinitive,desid
mIlayitum,mIl,,infinitive,caus
mIlitum,mIl,,infinitive,
mumukzitum,muc,2,infinitive,desid
mUrCayitum,mUrC,,infinitive,caus
mUrCitum,mUrC,,infinitive,
mfqayitum,mfq,,infinitive,
meQum,mih,1,infinitive,
metum,mi,1,infinitive,
metum,mI,1,infinitive,
meTitum,miT,,infinitive,
melApayitum,mil,,infinitive,caus
mezitum,miz,1,infinitive,
moktum,muc,2,infinitive,
mokzayitum,mokz,,infinitive,
mokzitum,mokz,,infinitive,
mogDum,muh,1,infinitive,
mocayitum,muc,2,infinitive,caus
mocitum,muc,2,infinitive,caus
modayitum,mud,2,infinitive,caus
moditum,mud,2,infinitive,
mozitum,muz,2,infinitive,
mohayitum,muh,1,infinitive,caus
mohitum,muh,1,infinitive,
mnAtum,mnA,,infinitive,
yatitum,yat,2,infinitive,
yantum,yam,,infinitive,
yabDum,yaB,,infinitive,
yamayitum,yam,,infinitive,caus
yamitum,yam,,infinitive,
yavitum,yu,2,infinitive,
yavitum,yu,1,infinitive,
yazwum,yaj,1,infinitive,
yasitum,yas,,infinitive,
yAcitum,yAc,,infinitive,
yAjayitum,yaj,1,infinitive,caus
yAtayitum,yat,2,infinitive,caus
yAtum,yA,1,infinitive,
yApayitum,yA,1,infinitive,caus
yAvayitum,yu,1,infinitive,caus
yiyakzitum,yaj,1,infinitive,desid
yiyatizitum,yat,2,infinitive,desid
yiyAsitum,yA,1,infinitive,desid
yuyukzitum,yuj,1,infinitive,desid
yuyutsitum,yuD,1,infinitive,desid
yoktum,yuj,1,infinitive,
yojayitum,yuj,1,infinitive,caus
yodDum,yuD,1,infinitive,
raMhitum,raMh,,infinitive,
rakzayitum,rakz,1,infinitive,caus
rakzitum,rakz,1,infinitive,
raNktum,raYj,,infinitive,
racayitum,rac,,infinitive,
raYjayitum,raYj,,infinitive,caus
raRitum,raR,2,infinitive,
raditum,rad,,infinitive,
radDum,raD,,infinitive,
raDitum,raD,,infinitive,
rantum,ram,,infinitive,
ranDayitum,raD,,infinitive,caus
rabDum,raB,,infinitive,
ramayitum,ram,,infinitive,caus
ramitum,ram,,infinitive,
ravitum,ru,1,infinitive,
rahayitum,rah,,infinitive,
rAjayitum,rAj,1,infinitive,caus
rAjitum,rAj,1,infinitive,
rAtum,rA,1,infinitive,
rAdDum,rAD,,infinitive,
rADayitum,rAD,,infinitive,caus
rAmayitum,ram,,infinitive,caus
ripsitum,raB,,infinitive,desid
riraMsitum,ram,,infinitive,desid
rirakzizitum,rakz,1,infinitive,desid
rirADayizitum,rAD,,infinitive,desid
rurukzitum,ruh,1,infinitive,desid
rUpayitum,rUp,,infinitive,
rektum,ric,,infinitive,
recayitum,ric,,infinitive,caus
retum,ri,1,infinitive,
rezayitum,riz,1,infinitive,caus
rezitum,riz,1,infinitive,
rezwum,riz,1,infinitive,
roktum,ruj,1,infinitive,
rocayitum,ruc,1,infinitive,caus
rocitum,ruc,1,infinitive,
roQum,ruh,1,infinitive,
rodayitum,rud,1,infinitive,caus
roditum,rud,1,infinitive,
rodDum,ruD,1,infinitive,
rodDum,ruD,2,infinitive,
roDayitum,ruD,2,infinitive,caus
ropayitum,ruh,1,infinitive,caus
rozayitum,ruz,1,infinitive,caus
rozitum,ruz,1,infinitive,
rozwum,ruz,1,infinitive,
rohayitum,ruh,1,infinitive,caus
lakzayitum,lakz,,infinitive,
lagitum,lag,,infinitive,
laNgitum,laNg,,infinitive,
laNGayitum,laNG,,infinitive,caus
laNGitum,laNG,,infinitive,
lajjayitum,lajj,,infinitive,caus
lajjitum,lajj,,infinitive,
lapitum,lap,1,infinitive,
labDum,laB,,infinitive,
laBitum,laB,,infinitive,
lambitum,lamb,2,infinitive,
lamBayitum,laB,,infinitive,caus
lalitum,lal,,infinitive,
lavitum,lU,1,infinitive,
lazitum,laz,,infinitive,
lasitum,las,1,infinitive,
lAYCitum,lAYC,,infinitive,
lApayitum,lap,1,infinitive,caus
lAlayitum,lal,,infinitive,caus
lAzayitum,laz,,infinitive,caus
lAsayitum,las,1,infinitive,caus
liKitum,liK,,infinitive,
lipsitum,laB,,infinitive,desid
lilazizitum,laz,,infinitive,desid
leKayitum,liK,,infinitive,caus
leKitum,liK,,infinitive,
leQum,lih,1,infinitive,
lepayitum,lip,,infinitive,caus
leptum,lip,,infinitive,
lezwum,liS,1,infinitive,
lokayitum,lok,,infinitive,
lokitum,lok,,infinitive,
locitum,loc,,infinitive,
loptum,lup,1,infinitive,
lobDum,luB,,infinitive,
loBayitum,luB,,infinitive,caus
loBitum,luB,,infinitive,
lolitum,lul,,infinitive,
vaktum,vac,,infinitive,
vaYcayitum,vaYc,,infinitive,caus
vaYcitum,vaYc,,infinitive,
vaditum,vad,,infinitive,
vanitum,van,1,infinitive,
vanttum,vand,,infinitive,
vapitum,vap,2,infinitive,
vaptum,vap,2,infinitive,
vaptum,vap,2,infinitive,
vamitum,vam,,infinitive,
varayitum,vf,2,infinitive,caus
varitum,vf,2,infinitive,
varitum,vf,2,infinitive,
varItum,vf,2,infinitive,
varItum,vf,2,infinitive,
varjayitum,vfj,1,infinitive,caus
varjitum,vfj,1,infinitive,
vartayitum,vft,1,infinitive,caus
vartitum,vft,1,infinitive,
varttum,vft,1,infinitive,
varDayitum,vfD,,infinitive,caus
varDitum,vfD,,infinitive,
varzayitum,vfz,,infinitive,caus
varzitum,vfz,,infinitive,
varhitum,vfh,1,infinitive,
valayitum,val,,infinitive,caus
valitum,val,,infinitive,
valgitum,valg,,infinitive,
vaSitum,vaS,,infinitive,
vasitum,vas,5,infinitive,
vasitum,vas,4,infinitive,
vasitum,vas,2,infinitive,
vastum,vas,5,infinitive,
vahitum,vah,1,infinitive,
vAcayitum,vac,,infinitive,caus
vAYCitum,vAYC,,infinitive,
vAtum,vA,2,infinitive,
vAdayitum,vad,,infinitive,caus
vApayitum,vA,2,infinitive,caus
vApayitum,vap,2,infinitive,caus
vArayitum,vf,2,infinitive,caus
vAsayitum,vas,5,infinitive,caus
vAsayitum,vas,4,infinitive,caus
vAhayitum,vah,1,infinitive,caus
vijitum,vij,1,infinitive,
vivakzitum,vac,,infinitive,desid
vivatsitum,vas,5,infinitive,desid
vivikzitum,vic,,infinitive,desid
vivikzitum,viS,1,infinitive,desid
vivitsitum,vid,3,infinitive,desid
vividizitum,vid,3,infinitive,desid
vIjitum,vIj,,infinitive,
vektum,vic,,infinitive,
vecayitum,vic,,infinitive,caus
vejayitum,vij,1,infinitive,caus
vejitum,vij,1,infinitive,
vetum,vI,1,infinitive,
vettum,vid,3,infinitive,
vettum,vid,5,infinitive,
vedayitum,vid,3,infinitive,caus
veditum,vid,3,infinitive,
venitum,ven,,infinitive,
vepayitum,vip,1,infinitive,caus
vepitum,vip,1,infinitive,
veSayitum,viS,1,infinitive,caus
vezayitum,viz,1,infinitive,caus
vezwayitum,vezw,,infinitive,caus
vezwitum,vezw,,infinitive,
vezwum,viS,1,infinitive,
vezwum,viz,1,infinitive,
voQum,vah,1,infinitive,
vyaTayitum,vyaT,,infinitive,caus
vyaTitum,vyaT,,infinitive,
vyadDum,vyaD,,infinitive,
vyADayitum,vyaD,,infinitive,caus
vrajitum,vraj,,infinitive,
vraScayitum,vraSc,,infinitive,caus
vraScitum,vraSc,,infinitive,
vrazwum,vraSc,,infinitive,
vrIqitum,vrIq,,infinitive,
SaMsayitum,SaMs,,infinitive,caus
Saktum,Sak,,infinitive,
SaNkitum,SaNk,,infinitive,
Sattum,Sad,2,infinitive,
Saptum,Sap,3,infinitive,
Samayitum,Sam,1,infinitive,caus
Samitum,Sam,1,infinitive,
Samitum,Sam,1,infinitive,
Sayitum,SI,1,infinitive,
Saritum,SF,,infinitive,
SarItum,SF,,infinitive,
Salitum,Sal,1,infinitive,
SaSitum,SaS,,infinitive,
Sasitum,Sas,1,infinitive,
Sastum,SaMs,,infinitive,
SAtayitum,Sad,2,infinitive,caus
SAdayitum,Sad,2,infinitive,caus
SApayitum,Sap,3,infinitive,caus
SAyayitum,SI,1,infinitive,caus
SAsitum,SAs,1,infinitive,
Sikzitum,Sak,,infinitive,desid
SiSayizitum,SI,1,infinitive,desid
SIlayitum,SIl,1,infinitive,caus
SIlitum,SIl,1,infinitive,
SumBitum,SumB,2,infinitive,
SuSrUzitum,Sru,1,infinitive,desid
Setum,SI,1,infinitive,
Sezayitum,Siz,2,infinitive,caus
Sezitum,Siz,2,infinitive,caus
Sezwum,Siz,2,infinitive,
Soktum,Suc,1,infinitive,
Socayitum,Suc,1,infinitive,caus
Socitum,Suc,1,infinitive,
SodDum,SuD,,infinitive,
SoDayitum,SuD,,infinitive,caus
SoBayitum,SuB,1,infinitive,caus
SoBitum,SuB,1,infinitive,
Sramitum,Sram,1,infinitive,
SramBitum,SramB,,infinitive,
Srayitum,Sri,1,infinitive,
SrAmayitum,Sram,1,infinitive,caus
SrAvayitum,Sru,1,infinitive,caus
Srotum,Sru,1,infinitive,
SlAGitum,SlAG,,infinitive,
Slezayitum,Sliz,2,infinitive,caus
Slezwum,Sliz,2,infinitive,
Svasitum,Svas,1,infinitive,
Svetitum,Svit,1,infinitive,
zWIvitum,zWIv,,infinitive,
saktum,saYj,2,infinitive,
sacitum,sac,1,infinitive,
sajjayitum,saYj,2,infinitive,caus
sattum,sad,2,infinitive,
sanitum,san,1,infinitive,
sapitum,sap,1,infinitive,
sarjayitum,sfj,1,infinitive,caus
sartum,sf,,infinitive,
sarpayitum,sfp,,infinitive,caus
sarptum,sfp,,infinitive,
savitum,su,3,infinitive,
savitum,sU,2,infinitive,
sahitum,sah,1,infinitive,
sAQum,sah,1,infinitive,
sAdayitum,sad,2,infinitive,caus
sAdayitum,svad,,infinitive,caus
sADayitum,siD,3,infinitive,caus
sAnayitum,san,1,infinitive,caus
sApayitum,sap,1,infinitive,caus
sArayitum,sf,,infinitive,caus
sisAnayizitum,san,1,infinitive,desid
sisfkzitum,sfj,1,infinitive,desid
sismayizitum,smi,,infinitive,desid
sIditum,sad,2,infinitive,
sUcayitum,sUc,,infinitive,
sektum,sic,1,infinitive,
secayitum,sic,1,infinitive,caus
sedDum,siD,3,infinitive,
sedDum,siD,2,infinitive,
seDitum,siD,2,infinitive,
sevitum,sev,,infinitive,
sotum,su,3,infinitive,
sotum,sU,2,infinitive,
soritum,sur,,infinitive,
skanttum,skand,,infinitive,
skandayitum,skand,,infinitive,caus
skanditum,skand,,infinitive,
skamBitum,skamB,,infinitive,
sKalayitum,sKal,,infinitive,caus
sKalitum,sKal,,infinitive,
sKAlayitum,sKal,,infinitive,caus
stanitum,stan,,infinitive,
stamBayitum,stamB,,infinitive,caus
stamBitum,stamB,,infinitive,
staritum,stF,1,infinitive,
starItum,stF,1,infinitive,
stavitum,stu,1,infinitive,
stAvayitum,stu,1,infinitive,caus
stotum,stu,1,infinitive,
stoBitum,stuB,1,infinitive,
sTAtum,sTA,1,infinitive,
sTApayitum,sTA,1,infinitive,caus
snavitum,snu,1,infinitive,
snAtum,snA,1,infinitive,
snegDum,snih,1,infinitive,
snehayitum,snih,1,infinitive,caus
snehitum,snih,1,infinitive,
snogDum,snuh,1,infinitive,
snohitum,snuh,1,infinitive,
spandayitum,spand,,infinitive,caus
spanditum,spand,,infinitive,
sparDitum,sparD,,infinitive,
sparzwum,spfS,1,infinitive,
spfhayitum,spfh,1,infinitive,
sPalitum,sPal,,infinitive,
sPuwitum,sPuw,,infinitive,
sPoritum,sPur,1,infinitive,
smartum,smf,2,infinitive,
smAyayitum,smi,,infinitive,caus
smArayitum,smf,2,infinitive,caus
smetum,smi,,infinitive,
syanttum,syand,,infinitive,
syanditum,syand,,infinitive,
sraMsitum,sraMs,1,infinitive,
srazwum,sfj,1,infinitive,
srAvayitum,sru,,infinitive,caus
srotum,sru,,infinitive,
svaktum,svaYj,,infinitive,
svaYjayitum,svaYj,,infinitive,caus
svaditum,svad,,infinitive,
svanayitum,svan,1,infinitive,caus
svanitum,svan,1,infinitive,
svapitum,svap,1,infinitive,
svaptum,svap,1,infinitive,
svaritum,svar,2,infinitive,
svaritum,svar,2,infinitive,
svAdayitum,svad,,infinitive,caus
svettum,svid,2,infinitive,
svedayitum,svid,2,infinitive,caus
haWitum,haW,,infinitive,
hattum,had,,infinitive,
hantum,han,1,infinitive,
hartum,hf,1,infinitive,
hartum,hf,2,infinitive,
harzayitum,hfz,,infinitive,caus
harzitum,hfz,,infinitive,
hasitum,has,1,infinitive,
hAtum,hA,3,infinitive,
hArayitum,hf,1,infinitive,caus
hAsayitum,has,1,infinitive,caus
hiMsitum,hiMs,1,infinitive,
hikkitum,hikk,,infinitive,
huRqitum,huRq,,infinitive,
hetum,hi,1,infinitive,
hotum,hu,1,infinitive,
hnotum,hnu,,infinitive,
hrasitum,hras,,infinitive,
hrAdayitum,hrAd,,infinitive,caus
hrAditum,hrAd,,infinitive,
hrAsayitum,hras,,infinitive,caus
hretum,hrI,1,infinitive,
hrepayitum,hrI,1,infinitive,caus
hlAdayitum,hlAd,,infinitive,caus
hlAditum,hlAd,,infinitive,
hvalitum,hval,,infinitive,
